SurveyName,Year,monthNominal,Match_Name,Transect,Station,Date_isotxt,Time,Cast#,Depth,Type,Lat_ddN,Lon_ddW
"S2023-02","2023","2","6_2","6","2","2023-02-16","11:17:00","121","36","CTD","",""
"S2023-02","2023","2","6_2","6","2","2023-02-16","11:25:00","122","53","CTD","59","151"
"S2023-02","2023","2","6_3","6","3","2023-02-16","11:34:00","123","107","CTD","59","151"
"S2023-02","2023","2","6_4","6","4","2023-02-16","11:50:00","124","110","CTD","59","152"
"S2023-02","2023","2","7_20","7","20","2023-02-16","12:18:00","125","86","CTD","59","152"
"S2023-02","2023","2","7_21","7","21","2023-02-16","12:27:00","126","76","CTD","59","152"
"S2023-02","2023","2","7_22","7","22","2023-02-16","12:36:00","127","55","CTD","59","152"
"S2023-02","2023","2","7_23","7","23","2023-02-16","12:44:00","128","55","CTD","59","152"
"S2023-02","2023","2","AlongBay_PGRM","AlongBay","PGRM","2023-02-16","13:02:00","129","69","CTD","59","152"
"S2023-02","2023","2","AlongBay_POGI","AlongBay","POGI","2023-02-16","13:18:00","130","103","CTD","59","152"
"S2023-02","2023","2","AlongBay_1","AlongBay","1","2023-02-16","13:37:00","131","73","CTD","59","151"
"S2023-02","2023","2","AlongBay_2","AlongBay","2","2023-02-16","13:57:00","132","123","CTD","59","151"
"S2023-02","2023","2","AlongBay_3","AlongBay","3","2023-02-16","14:11:00","133","109","CTD","59","151"
"S2023-02","2023","2","AlongBay_4","AlongBay","4","2023-02-16","14:32:00","134","154","CTD","59","151"
"S2023-02","2023","2","AlongBay_5","AlongBay","5","2023-02-16","14:46:00","135","174","CTD","59","151"
"S2023-02","2023","2","AlongBay_6","AlongBay","6","2023-02-16","15:03:00","136","101","CTD","59","151"
"S2023-02","2023","2","AlongBay_7","AlongBay","7","2023-02-16","15:14:00","137","146","CTD","59","151"
"S2023-02","2023","2","AlongBay_8","AlongBay","8","2023-02-16","15:28:00","138","80","CTD","59","151"
"S2023-02","2023","2","AlongBay_9","AlongBay","9","2023-02-16","15:38:00","139","66","CTD","59","151"
"S2023-02","2023","2","AlongBay_10","AlongBay","10","2023-02-16","15:46:00","140","61","CTD","59","151"
"S2023-02","2023","2","AlongBay_11","AlongBay","11","2023-02-16","16:02:00","141","53","CTD","59","151"
"S2023-02","2023","2","4_10","4","10","2023-02-18","13:06:00","142","20","CTD","59","151"
"S2023-02","2023","2","4_9","4","9","2023-02-18","13:11:00","143","30","CTD","59","151"
"S2023-02","2023","2","4_8","4","8","2023-02-18","13:18:00","144","33","CTD","59","151"
"S2023-02","2023","2","4_7","4","7","2023-02-18","13:25:00","145","40","CTD","59","151"
"S2023-02","2023","2","4_6","4","6","2023-02-18","13:32:00","146","71","CTD","59","151"
"S2023-02","2023","2","4_5","4","5","2023-02-18","13:42:00","147","83","CTD","59","151"
"S2023-02","2023","2","4_4","4","4","2023-02-18","13:52:00","148","92","CTD","59","151"
"S2023-02","2023","2","4_3","4","3","2023-02-18","14:02:00","149","112","CTD","59","151"
"S2023-02","2023","2","4_2","4","2","2023-02-18","14:13:00","150","102","CTD","59","151"
"S2023-02","2023","2","4_1","4","1","2023-02-18","14:22:00","151","21","CTD","59","151"
"S2023-02","2023","2","9_1","9","1","2023-02-18","14:51:00","152","63","CTD","59","151"
"S2023-02","2023","2","9_2","9","2","2023-02-18","14:58:00","153","83","CTD","59","151"
"S2023-02","2023","2","9_3","9","3","2023-02-18","15:05:00","154","96","CTD","59","151"
"S2023-02","2023","2","9_4","9","4","2023-02-18","15:13:00","155","97","CTD","59","151"
"S2023-02","2023","2","9_5","9","5","2023-02-18","15:22:00","156","100","CTD","59","151"
"S2023-02","2023","2","9_6","9","6","2023-02-18","15:30:00","157","103","CTD","59","151"
"S2023-02","2023","2","9_7","9","7","2023-02-18","15:40:00","158","101","CTD","59","151"
"S2023-02","2023","2","9_8","9","8","2023-02-18","15:48:00","159","94","CTD","59","151"
"S2023-02","2023","2","9_9","9","9","2023-02-18","15:55:00","160","","CTD","59","151"
"S2023-02","2023","2","9_10","9","10","2023-02-18","16:03:00","161","60","CTD","59","151"
"S2023-02","2023","2","6_3","6","3","2023-03-08","11:34:00","164","106","CTD","59","151"
"S2023-02","2023","2","7_22","7","22","2023-03-08","12:01:00","165","76","CTD","59","152"
"S2023-02","2023","2","AlongBay_PGRM","AlongBay","PGRM","2023-03-08","12:17:00","166","70","CTD","59","152"
"S2023-02","2023","2","AlongBay_POGI","AlongBay","POGI","2023-03-08","12:31:00","167","103","CTD","59","151"
"S2023-02","2023","2","AlongBay_1","AlongBay","1","2023-03-08","12:47:00","168","75","CTD","59","151"
"S2023-02","2023","2","AlongBay_2","AlongBay","2","2023-03-08","13:05:00","169","125","CTD","59","151"
"S2023-02","2023","2","AlongBay_3","AlongBay","3","2023-03-08","13:17:00","170","111","CTD","59","151"
"S2023-02","2023","2","AlongBay_4","AlongBay","4","2023-03-08","13:34:00","171","158","CTD","59","151"
"S2023-02","2023","2","AlongBay_5","AlongBay","5","2023-03-08","13:48:00","172","177","CTD","59","151"
"S2023-02","2023","2","AlongBay_6","AlongBay","6","2023-03-08","14:03:00","173","104","CTD","59","151"
"S2023-03","2023","3","AlongBay_13","AlongBay","13","2023-03-28","11:53:00","174","24","CTD","59","151"
"S2023-03","2023","3","AlongBay_12","AlongBay","12","2023-03-28","12:08:00","175","78","CTD","59","151"
"S2023-03","2023","3","AlongBay_11","AlongBay","11","2023-03-28","12:22:00","176","54","CTD","59","151"
"S2023-03","2023","3","AlongBay_10","AlongBay","10","2023-03-28","12:38:00","177","61","CTD","59","151"
"S2023-03","2023","3","AlongBay_10","AlongBay","10","2023-03-28","12:40:00","","51","Nutrients","59","151"
"S2023-03","2023","3","AlongBay_9","AlongBay","9","2023-03-28","13:05:00","178","66","CTD","59","151"
"S2023-03","2023","3","AlongBay_8","AlongBay","8","2023-03-28","13:20:00","179","81","CTD","59","151"
"S2023-03","2023","3","AlongBay_7","AlongBay","7","2023-03-28","13:36:00","180","146","CTD","59","151"
"S2023-03","2023","3","AlongBay_6","AlongBay","6","2023-03-28","13:52:00","181","100","CTD","59","151"
"S2023-03","2023","3","AlongBay_6","AlongBay","6","2023-03-28","13:54:00","","90","Nutrients","59","151"
"S2023-03","2023","3","AlongBay_5","AlongBay","5","2023-03-28","14:12:00","182","173","CTD","59","151"
"S2023-03","2023","3","AlongBay_4","AlongBay","4","2023-03-28","14:33:00","183","152","CTD","59","151"
"S2023-03","2023","3","AlongBay_3","AlongBay","3","2023-03-28","14:58:00","184","108","CTD","59","151"
"S2023-03","2023","3","AlongBay_3","AlongBay","3","2023-03-28","15:00:00","","98","Nutrients","59","151"
"S2023-03","2023","3","AlongBay_2","AlongBay","2","2023-03-28","15:18:00","185","122","CTD","59","151"
"S2023-03","2023","3","9_1","9","1","2023-03-28","15:57:00","186","44","CTD","59","151"
"S2023-03","2023","3","9_2","9","2","2023-03-28","16:03:00","187","73","CTD","59","151"
"S2023-03","2023","3","9_3","9","3","2023-03-28","16:10:00","188","92","CTD","59","151"
"S2023-03","2023","3","9_4","9","4","2023-03-28","16:18:00","189","95","CTD","59","151"
"S2023-03","2023","3","9_5","9","5","2023-03-28","16:27:00","190","96","CTD","59","151"
"S2023-03","2023","3","9_6","9","6","2023-03-28","16:35:00","191","100","CTD","59","151"
"S2023-03","2023","3","9_8","9","8","2023-03-28","16:51:00","193","92","CTD","59","151"
"S2023-03","2023","3","9_9","9","9","2023-03-28","16:59:00","194","79","CTD","59","151"
"S2023-03","2023","3","9_10","9","10","2023-03-28","17:07:00","195","61","CTD","59","151"
"S2023-03","2023","3","9_7","9","7","2023-03-28","16:43:00","192","100","CTD","59","151"
"S2023-04","2023","4","AlongBay_1","AlongBay","1","2023-04-21","11:20:00","196","67","CTD","59","151"
"S2023-04","2023","4","AlongBay_2","AlongBay","2","2023-04-21","11:37:00","197","122","CTD","59","151"
"S2023-04","2023","4","AlongBay_3","AlongBay","3","2023-04-21","11:51:00","198","107","CTD","59","151"
"S2023-04","2023","4","AlongBay_3","AlongBay","3","2023-04-21","11:53:00","","105","Nutrients","59","151"
"S2023-04","2023","4","AlongBay_3","AlongBay","3","2023-04-21","11:56:00","","0","Phytoplankton","59","151"
"S2023-04","2023","4","AlongBay_4","AlongBay","4","2023-04-21","12:15:00","199","154","CTD","59","151"
"S2023-04","2023","4","AlongBay_5","AlongBay","5","2023-04-21","12:31:00","200","173","CTD","59","151"
"S2023-04","2023","4","AlongBay_6","AlongBay","6","2023-04-21","12:47:00","201","100","CTD","59","151"
"S2023-04","2023","4","AlongBay_7","AlongBay","7","2023-04-21","13:08:00","202","146","CTD","59","151"
"S2023-04","2023","4","AlongBay_8","AlongBay","8","2023-04-21","13:21:00","203","81","CTD","59","151"
"S2023-04","2023","4","AlongBay_9","AlongBay","9","2023-04-21","13:31:00","204","67","CTD","59","151"
"S2023-04","2023","4","AlongBay_10","AlongBay","10","2023-04-21","13:47:00","205","64","CTD","59","151"
"S2023-04","2023","4","AlongBay_11","AlongBay","11","2023-04-21","14:05:00","206","56","CTD","59","151"
"S2023-04","2023","4","AlongBay_12","AlongBay","12","2023-04-21","14:15:00","207","80","CTD","59","151"
"S2023-04","2023","4","AlongBay_13","AlongBay","13","2023-04-21","14:27:00","208","30","CTD","59","151"
"S2023-04","2023","4","9_1","9","1","2023-04-22","10:26:00","209","50","CTD","59","151"
"S2023-04","2023","4","9_1","9","1","2023-04-22","10:35:00","1","54","CTD","59","151"
"S2023-04","2023","4","9_2","9","2","2023-04-22","10:42:00","2","72","CTD","59","151"
"S2023-04","2023","4","9_3","9","3","2023-04-22","10:49:00","3","90","CTD","59","151"
"S2023-04","2023","4","9_4","9","4","2023-04-22","10:58:00","4","92","CTD","59","151"
"S2023-04","2023","4","9_5","9","5","2023-04-22","11:07:00","5","93","CTD","59","151"
"S2023-04","2023","4","9_6","9","6","2023-04-22","11:15:00","6","98","CTD","59","151"
"S2023-04","2023","4","9_7","9","7","2023-04-22","11:24:00","7","97","CTD","59","151"
"S2023-04","2023","4","9_8","9","8","2023-04-22","11:33:00","8","90","CTD","59","151"
"S2023-04","2023","4","9_9","9","9","2023-04-22","11:41:00","9","78","CTD","59","151"
"S2023-04","2023","4","9_10","9","10","2023-04-22","11:49:00","10","60","CTD","59","151"
"S2023-04","2023","4","9_10","9","10","2023-04-22","11:56:00","210","70","CTD","59","151"
"S2023-05","2023","5","AlongBay_13","AlongBay","13","2023-05-12","11:30:00","02","28","CTD","59","151"
"S2023-05","2023","5","AlongBay_12","AlongBay","12","2023-05-12","11:41:00","03","76.6","CTD","59","151"
"S2023-05","2023","5","AlongBay_11","AlongBay","11","2023-05-12","11:52:00","04","55","CTD","59","151"
"S2023-05","2023","5","AlongBay_10","AlongBay","10","2023-05-12","12:02:00","05","62","CTD","59","151"
"S2023-05","2023","5","AlongBay_10","AlongBay","10","2023-05-12","12:05:00","","60","Nutrients","59","151"
"S2023-05","2023","5","AlongBay_10","AlongBay","10","2023-05-12","12:05:00","","surface","Phytoplankton","59","151"
"S2023-05","2023","5","AlongBay_9","AlongBay","9","2023-05-12","12:18:00","06","68","CTD","59","151"
"S2023-05","2023","5","AlongBay_8","AlongBay","8","2023-05-12","12:27:00","07","85","CTD","59","151"
"S2023-05","2023","5","AlongBay_7","AlongBay","7","2023-05-12","12:38:00","08","146","CTD","59","151"
"S2023-05","2023","5","AlongBay_6","AlongBay","6","2023-05-12","12:50:00","09","100","CTD","59","151"
"S2023-05","2023","5","AlongBay_6","AlongBay","6","2023-05-12","12:52:00","","95","Nutrients","59","151"
"S2023-05","2023","5","AlongBay_6","AlongBay","6","2023-05-12","15:52:00","","0","Phytoplankton","59","151"
"S2023-05","2023","5","AlongBay_5","AlongBay","5","2023-05-12","13:12:00","10","173","CTD","59","151"
"S2023-05","2023","5","AlongBay_4","AlongBay","4","2023-05-12","13:27:00","11","153","CTD","59","151"
"S2023-05","2023","5","AlongBay_3","AlongBay","3","2023-05-12","13:46:00","12","107","CTD","59","151"
"S2023-05","2023","5","AlongBay_3","AlongBay","3","2023-05-12","13:48:00","","","Nutrients","59","151"
"S2023-05","2023","5","AlongBay_3","AlongBay","3","2023-05-12","13:48:00","","","Phytoplankton","59","151"
"S2023-05","2023","5","AlongBay_2","AlongBay","2","2023-05-12","14:04:00","13","122","CTD","59","151"
"S2023-05","2023","5","AlongBay_1","AlongBay","1","2023-05-12","14:28:00","14","71","CTD","59","151"
"S2023-05","2023","5","AlongBay_POGI","AlongBay","POGI","2023-05-12","14:51:00","15","93","CTD","59","151"
"S2023-05","2023","5","AlongBay_PGRM","AlongBay","PGRM","2023-05-12","15:09:00","16","61","CTD","59","152"
"S2023-05","2023","5","7_22","7","22","2023-05-12","15:29:00","17","74","CTD","59","152"
"S2023-05","2023","5","6_3","6","3","2023-05-12","15:56:00","18","106","CTD","59","151"
"S2023-05","2023","5","4_10","4","10","2023-05-13","10:35:00","19","18","CTD","59","151"
"S2023-05","2023","5","4_10","4","10","2023-05-13","10:38:00","20","18","CTD","59","151"
"S2023-05","2023","5","4_9","4","9","2023-05-13","10:44:00","21","28","CTD","59","151"
"S2023-05","2023","5","4_8","4","8","2023-05-13","10:53:00","22","30","CTD","59","151"
"S2023-05","2023","5","4_7","4","7","2023-05-13","11:02:00","23","37","CTD","59","151"
"S2023-05","2023","5","4_6","4","6","2023-05-13","11:11:00","24","64","CTD","59","151"
"S2023-05","2023","5","4_5","4","5","2023-05-13","11:22:00","25","80.5","CTD","59","151"
"S2023-05","2023","5","4_4","4","4","2023-05-13","11:33:00","26","89","CTD","59","151"
"S2023-05","2023","5","4_3","4","3","2023-05-13","11:43:00","27","110","CTD","59","151"
"S2023-05","2023","5","4_2","4","2","2023-05-13","11:54:00","28","99","CTD","59","151"
"S2023-05","2023","5","4_1","4","1","2023-05-13","12:04:00","29","19","CTD","59","151"
"S2023-05","2023","5","9_1","9","1","2023-05-13","12:38:00","30","65","CTD","59","151"
"S2023-05","2023","5","9_2","9","2","2023-05-13","12:44:00","31","77","CTD","59","151"
"S2023-05","2023","5","9_3","9","3","2023-05-13","12:51:00","32","93","CTD","59","151"
"S2023-05","2023","5","9_4","9","4","2023-05-13","12:58:00","33","95","CTD","59","151"
"S2023-05","2023","5","9_5","9","5","2023-05-13","13:06:00","34","98","CTD","59","151"
"S2023-05","2023","5","9_6","9","6","2023-05-13","13:14:00","35","101","CTD","59","151"
"S2023-05","2023","5","9_7","9","7","2023-05-13","13:21:00","36","100","CTD","59","151"
"S2023-05","2023","5","9_8","9","8","2023-05-13","13:28:00","37","93","CTD","59","151"
"S2023-05","2023","5","9_9","9","9","2023-05-13","13:36:00","38","80","CTD","59","151"
"S2023-05","2023","5","9_10","9","10","2023-05-13","13:42:00","39","61","CTD","59","151"
"S2023-06","2023","6","AlongBay_13","AlongBay","13","2023-06-23","11:22:00","40","26","CTD","59","151"
"S2023-06","2023","6","AlongBay_12","AlongBay","12","2023-06-23","11:35:00","41","76","CTD","59","151"
"S2023-06","2023","6","AlongBay_11","AlongBay","11","2023-06-23","11:46:00","42","52","CTD","59","151"
"S2023-06","2023","6","AlongBay_10","AlongBay","10","2023-06-23","11:59:00","43","60","CTD","59","151"
"S2023-06","2023","6","AlongBay_9","AlongBay","9","2023-06-23","12:15:00","44","65","CTD","59","151"
"S2023-06","2023","6","AlongBay_8","AlongBay","8","2023-06-23","12:26:00","45","78","CTD","59","151"
"S2023-06","2023","6","AlongBay_7","AlongBay","7","2023-06-23","12:39:00","46","144","CTD","59","151"
"S2023-06","2023","6","AlongBay_6","AlongBay","6","2023-06-23","12:51:00","47","99","CTD","59","151"
"S2023-06","2023","6","AlongBay_5","AlongBay","5","2023-06-23","13:12:00","48","172","CTD","59","151"
"S2023-06","2023","6","AlongBay_4","AlongBay","4","2023-06-23","13:28:00","49","153","CTD","59","151"
"S2023-06","2023","6","AlongBay_3","AlongBay","3","2023-06-23","13:48:00","50","107","CTD","59","151"
"S2023-06","2023","6","AlongBay_2","AlongBay","2","2023-06-23","14:05:00","51","121","CTD","59","151"
"S2023-06","2023","6","AlongBay_1","AlongBay","1","2023-06-23","14:27:00","52","71","CTD","59","151"
"S2023-06","2023","6","9_1","9","1","2023-06-23","15:13:00","53","62","CTD","59","151"
"S2023-06","2023","6","9_2","9","2","2023-06-23","15:20:00","54","","CTD","59","151"
"S2023-06","2023","6","9_3","9","3","2023-06-23","15:27:00","55","93","CTD","59","151"
"S2023-06","2023","6","9_4","9","4","2023-06-23","15:33:00","56","95","CTD","59","151"
"S2023-06","2023","6","9_5","9","5","2023-06-23","15:41:00","57","97","CTD","59","151"
"S2023-06","2023","6","9_6","9","6","2023-06-23","15:48:00","58","101","CTD","59","151"
"S2023-06","2023","6","9_7","9","7","2023-06-23","15:55:00","59","100","CTD","59","151"
"S2023-06","2023","6","9_8","9","8","2023-06-23","16:02:00","60","93","CTD","59","151"
"S2023-06","2023","6","9_9","9","9","2023-06-23","16:10:00","61","80","CTD","59",""
"S2023-06","2023","6","9_10","9","10","2023-06-23","16:17:00","62","61","CTD","59","151"
"S2023-07","2023","7","6_2","6","2","2023-07-24","11:14:00","111","50","CTD","59","151"
"S2023-07","2023","7","7_21","7","21","2023-07-24","11:55:00","112","75","CTD","59","152"
"S2023-07","2023","7","AlongBay_PGRM","AlongBay","PGRM","2023-07-24","12:22:00","113","66","CTD","59","152"
"S2023-07","2023","7","AlongBay_POGI","AlongBay","POGI","2023-07-24","12:37:00","114","104","CTD","59","152"
"S2023-07","2023","7","AlongBay_1","AlongBay","1","2023-07-24","12:56:00","115","73","CTD","59","151"
"S2023-07","2023","7","AlongBay_2","AlongBay","2","2023-07-24","13:15:00","116","125","CTD","59","151"
"S2023-07","2023","7","AlongBay_3","AlongBay","3","2023-07-24","13:30:00","117","109","CTD","59","15"
"S2023-07","2023","7","AlongBay_4","AlongBay","4","2023-07-24","13:48:00","118","155","CTD","59","151"
"S2023-07","2023","7","AlongBay_5","AlongBay","5","2023-07-24","14:04:00","119","171","CTD","59","151"
"S2023-07","2023","7","AlongBay_6","AlongBay","6","2023-07-24","14:21:00","120","101","CTD","59","151"
"S2023-07","2023","7","AlongBay_6","AlongBay","6","2023-07-24","14:22:00","","90","Nutrients","59","151"
"S2023-07","2023","7","AlongBay_7","AlongBay","7","2023-07-24","14:41:00","121","144","CTD","59","15"
"S2023-07","2023","7","AlongBay_8","AlongBay","8","2023-07-24","14:55:00","122","85","CTD","59","151"
"S2023-07","2023","7","AlongBay_9","AlongBay","9","2023-07-24","15:05:00","123","69","CTD","59","151"
"S2023-07","2023","7","AlongBay_10","AlongBay","10","2023-07-24","15:16:00","124","65","CTD","59","151"
"S2023-07","2023","7","AlongBay_10","AlongBay","10","2023-07-24","15:18:00","","0","Phytoplankton","59","151"
"S2023-07","2023","7","AlongBay_10","AlongBay","10","2023-07-24","15:20:00","","60","Nutrients","59","151"
"S2023-07","2023","7","AlongBay_11","AlongBay","11","2023-07-24","15:32:00","125","54.3","CTD","59","151"
"S2023-07","2023","7","AlongBay_12","AlongBay","12","2023-07-24","15:42:00","126","77","CTD","59","151"
"S2023-07","2023","7","AlongBay_13","AlongBay","13","2023-07-24","15:54:00","127","26.4","CTD","59","151"
"S2023-07","2023","7","4_10","4","10","2023-07-25","09:49:00","128","0","CTD","59","151"
"S2023-07","2023","7","4_10","4","10","2023-07-25","09:51:00","129","18","CTD","59","151"
"S2023-07","2023","7","4_9","4","9","2023-07-25","09:59:00","130","27","CTD","59","151"
"S2023-07","2023","7","4_8","4","8","2023-07-25","10:06:00","131","29.5","CTD","59","151"
"S2023-07","2023","7","4_7","4","7","2023-07-25","10:12:00","132","37","CTD","59","151"
"S2023-07","2023","7","4_6","4","6","2023-07-25","10:19:00","133","62","CTD","59","151"
"S2023-07","2023","7","4_5","4","5","2023-07-25","10:27:00","134","79","CTD","59","151"
"S2023-07","2023","7","4_4","4","4","2023-07-25","10:35:00","135","88","CTD","59","151"
"S2023-07","2023","7","4_3","4","3","2023-07-25","10:43:00","136","108","CTD","59","151"
"S2023-07","2023","7","4_3","4","3","2023-07-25","10:50:00","","100","Nutrients","59","151"
"S2023-07","2023","7","4_3","4","3","2023-07-25","10:45:00","","0","Phytoplankton","59","151"
"S2023-07","2023","7","4_2","4","2","2023-07-25","10:58:00","137","102","CTD","59","151"
"S2023-07","2023","7","4_1","4","1","2023-07-25","11:07:00","138","20","CTD","59","151"
"S2023-07","2023","7","9_1","9","1","2023-07-25","11:35:00","139","51","CTD","59","151"
"S2023-07","2023","7","9_2","9","2","2023-07-25","11:42:00","140","72","CTD","59","151"
"S2023-07","2023","7","9_3","9","3","2023-07-25","11:49:00","141","96","CTD","59","151"
"S2023-07","2023","7","9_4","9","4","2023-07-25","11:56:00","142","94","CTD","59","151"
"S2023-07","2023","7","9_5","9","5","2023-07-25","12:05:00","143","96","CTD","59","151"
"S2023-07","2023","7","9_6","9","6","2023-07-25","12:13:00","144","100","CTD","59","151"
"S2023-07","2023","7","9_7","9","7","2023-07-25","12:21:00","145","99","CTD","59","151"
"S2023-07","2023","7","9_8","9","8","2023-07-25","12:29:00","146","151","CTD","59","151"
"S2023-07","2023","7","9_9","9","9","2023-07-25","12:37:00","147","81","CTD","59","151"
"S2023-07","2023","7","9_10","9","10","2023-07-25","12:46:00","148","62","CTD","59","151"
"S2023-08","2023","8","AlongBay_1","AlongBay","1","2023-08-22","09:26:08","149","71.9","CTD","59.499805","-151.888236"
"S2023-08","2023","8","AlongBay_2","AlongBay","2","2023-08-22","09:48:37","150","122","CTD","59.517660","-151.728839"
"S2023-08","2023","8","AlongBay_3","AlongBay","3","2023-08-22","10:03:36","151","107","CTD","59.525043","-151.650885"
"S2023-08","2023","8","AlongBay_3","AlongBay","3","2023-08-22","10:10:00","","","Nutrients","59.525043","-151.650885"
"S2023-08","2023","8","AlongBay_4","AlongBay","4","2023-08-22","10:32:32","152","153","CTD","59.551648","-151.530839"
"S2023-08","2023","8","AlongBay_5","AlongBay","5","2023-08-22","10:47:40","153","170","CTD","59.563060","-151.460100"
"S2023-08","2023","8","AlongBay_6","AlongBay","6","2023-08-22","11:04:12","154","99","CTD","59.581928","-151.385114"
"S2023-08","2023","8","AlongBay_6","AlongBay","6","2023-08-22","","","","Nutrients","59.581928","-151.385114"
"S2023-08","2023","8","AlongBay_7","AlongBay","7","2023-08-22","11:19:42","155","144","CTD","59.591675","-151.349849"
"S2023-08","2023","8","AlongBay_8","AlongBay","8","2023-08-22","11:33:40","156","79","CTD","59.612608","-151.295373"
"S2023-08","2023","8","AlongBay_9","AlongBay","9","2023-08-22","11:44:33","157","65","CTD","59.631801","-151.250248"
"S2023-08","2023","8","AlongBay_10","AlongBay","10","2023-08-22","11:55:31","158","62","CTD","59.658155","-151.208431"
"S2023-08","2023","8","AlongBay_11","AlongBay","11","2023-08-22","12:10:53","159","53","CTD","59.686720","-151.165325"
"S2023-08","2023","8","AlongBay_12","AlongBay","12","2023-08-22","12:21:01","160","76","CTD","59.711792","-151.116471"
"S2023-08","2023","8","AlongBay_13","AlongBay","13","2023-08-22","12:32:32","161","24","CTD","59.741964","-151.056985"
"S2023-08","2023","8","9_1","9","1","2023-08-22","13:11:50","162","41","CTD","59.570016","-151.355605"
"S2023-08","2023","8","9_2","9","2","2023-08-22","13:23:59","163","71","CTD","59.571479","-151.361899"
"S2023-08","2023","8","9_3","9","3","2023-08-22","13:31:12","164","90","CTD","59.574284","-151.368857"
"S2023-08","2023","8","9_4","9","4","2023-08-22","13:38:31","165","93","CTD","59.576464","-151.373277"
"S2023-08","2023","8","9_5","9","5","2023-08-22","13:46:02","166","95","CTD","59.579106","-151.378886"
"S2023-08","2023","8","9_6","9","6","2023-08-22","13:54:18","167","99","CTD","59.582554","-151.385606"
"S2023-08","2023","8","9_7","9","7","2023-08-22","14:03:06","168","99","CTD","59.585528","-151.389428"
"S2023-08","2023","8","9_8","9","8","2023-08-22","14:12:11","169","93","CTD","59.589014","-151.394328"
"S2023-08","2023","8","9_9","9","9","2023-08-22","14:19:58","170","82","CTD","59.592590","-151.398969"
"S2023-08","2023","8","9_10","9","10","2023-08-22","14:28:58","171","62","CTD","59.596069","-151.403287"
"S2023-09","2023","9","6_2","6","2","2023-09-13","11:57:00","172","50","CTD","59.205","-151.952"
"S2023-09","2023","9","6_2","6","2","2023-09-13","11:58:00","","0","Phytoplankton","59.205","-151.952"
"S2023-09","2023","9","6_2","6","2","2023-09-13","11:59:00","","42","Chlorophyll","59.205","-151.952"
"S2023-09","2023","9","7_22","7","22","2023-09-13","12:39:00","173","76","CTD","59.3111833333333333","-152.0652333333333333"
"S2023-09","2023","9","AlongBay_PGRM","AlongBay","PGRM","2023-09-13","12:57:00","174","70","CTD","59.3922","-152.0426666666666667"
"S2023-09","2023","9","AlongBay_POGI","AlongBay","POGI","2023-09-13","13:13:00","175","105","CTD","59.45005","-151.9988333333333333"
"S2023-09","2023","9","AlongBay_1","AlongBay","1","2023-09-13","13:32:00","176","73","CTD","59.50025","-151.88755"
"S2023-09","2023","9","AlongBay_2","AlongBay","2","2023-09-13","13:50:00","177","123","CTD","59.5179166666666667","-151.7298"
"S2023-09","2023","9","AlongBay_3","AlongBay","3","2023-09-13","14:05:00","178","110","CTD","59","151"
"S2023-09","2023","9","AlongBay_3","AlongBay","3","2023-09-13","14:06:00","","100","Chlorophyll","59","151"
"S2023-09","2023","9","AlongBay_4","AlongBay","4","2023-09-13","14:28:00","179","1","CTD","59.5520166666666667","-151.5300666666666667"
"S2023-09","2023","9","AlongBay_5","AlongBay","5","2023-09-13","14:42:00","180","175","CTD","59.5627166666666667","-151.4611666666666667"
"S2023-09","2023","9","AlongBay_6","AlongBay","6","2023-09-13","14:58:00","181","103","CTD","59.5824","-151.3850666666666667"
"S2023-09","2023","9","AlongBay_6","AlongBay","6","2023-09-13","14:59:00","","95","Phytoplankton","59.5824","-151.3850666666666667"
"S2023-09","2023","9","AlongBay_6","AlongBay","6","2023-09-13","14:59:00","","","Chlorophyll","59.5824","-151.3850666666666667"
"S2023-09","2023","9","AlongBay_7","AlongBay","7","2023-09-13","15:15:00","182","147","CTD","59.592","-151.35"
"S2023-09","2023","9","AlongBay_8","AlongBay","8","2023-09-13","15:30:00","183","82","CTD","59.613","-151.295"
"S2023-09","2023","9","AlongBay_9","AlongBay","9","2023-09-13","15:40:00","184","69","CTD","59.632","-151.25"
"S2023-09","2023","9","AlongBay_10","AlongBay","10","2023-09-13","15:51:00","185","65","CTD","59.6577333333333333","-151.2089"
"S2023-09","2023","9","AlongBay_10","AlongBay","10","2023-09-13","15:52:00","","60","Chlorophyll","59.6577333333333333","-151.2089"
"S2023-09","2023","9","AlongBay_10","AlongBay","10","2023-09-13","15:52:00","","0","Phytoplankton","59.6577333333333333","-151.2089"
"S2023-09","2023","9","AlongBay_11","AlongBay","11","2023-09-13","16:11:00","186","57","CTD","59.6866166666666667","-151.1649166666666667"
"S2023-09","2023","9","AlongBay_12","AlongBay","12","2023-09-13","16:21:00","187","80","CTD","59.7115833333333333","-151.1168333333333333"
"S2023-09","2023","9","AlongBay_13","AlongBay","13","2023-09-13","16:34:00","188","30","CTD","59.7412833333333333","-151.0577"
"S2023-09","2023","9","4_10","4","10","2023-09-15","09:48:00","190","14.0","CTD","59.6330666666666667","-151.65"
"S2023-09","2023","9","4_9","4","9","2023-09-15","09:53:00","191","23.9","CTD","59.6249666666666667","-151.6500833333333333"
"S2023-09","2023","9","4_8","4","8","2023-09-15","09:59:00","192","26","CTD","59.6084833333333333","-151.65025"
"S2023-09","2023","9","4_7","4","7","2023-09-15","10:05:00","193","33","CTD","59.5919666666666667","-151.65025"
"S2023-09","2023","9","4_6","4","6","2023-09-15","10:12:00","194","59","CTD","59.57525","-151.6502333333333333"
"S2023-09","2023","9","4_5","4","5","2023-09-15","10:20:00","195","75.6","CTD","59.5586166666666667","-151.65025"
"S2023-09","2023","9","4_4","4","4","2023-09-15","10:30:00","196","85.4","CTD","59.5417833333333333","-151.64995"
"S2023-09","2023","9","4_3","4","3","2023-09-15","10:39:00","197","106","CTD","59.5252","-151.6497833333333333"
"S2023-09","2023","9","4_2","4","2","2023-09-15","10:50:00","198","99.5","CTD","59.5086","-151.6497333333333333"
"S2023-09","2023","9","4_1","4","1","2023-09-15","10:59:00","199","16.8","CTD","59.49205","-151.64985"
"S2023-09","2023","9","9_1","9","1","2023-09-15","11:30:00","200","58.4","CTD","59.5699166666666667","-151.3573"
"S2023-09","2023","9","9_2","9","2","2023-09-15","11:35:00","201","76.2","CTD","59.5716333333333333","-151.3626666666666667"
"S2023-09","2023","9","9_3","9","3","2023-09-15","11:41:00","202","91.6","CTD","59.5744333333333333","-151.3688166666666667"
"S2023-09","2023","9","9_4","9","4","2023-09-15","11:48:00","203","93","CTD","59.5765666666666667","-151.3738333333333333"
"S2023-09","2023","9","9_5","9","5","2023-09-15","11:55:00","204","95.6","CTD","59.5793166666666667","-151.3797"
"S2023-09","2023","9","9_6","9","6","2023-09-15","12:02:00","205","99.8","CTD","59.5825333333333333","-151.3855333333333333"
"S2023-09","2023","9","9_7","9","7","2023-09-15","12:10:00","206","99.5","CTD","59.5858833333333333","-151.3901"
"S2023-09","2023","9","9_8","9","8","2023-09-15","12:17:00","207","92.6","CTD","59.5892","-151.3948"
"S2023-09","2023","9","9_9","9","9","2023-09-15","12:24:00","208","80","CTD","59.42575","-151.3996333333333333"
"S2023-09","2023","9","9_10","9","10","2023-09-15","12:31:00","209","60.4","CTD","59.5960666666666667","-151.4043666666666667"
"S2023-10","2023","10","AlongBay_1","AlongBay","1","2023-10-25","11:11:00","210","74","CTD","59.5010666666666667","-151.8836833333333333"
"S2023-10","2023","10","AlongBay_2","AlongBay","2","2023-10-25","11:33:00","211","123","CTD","59.5187","-151.72325"
"S2023-10","2023","10","AlongBay_3","AlongBay","3","2023-10-25","11:51:00","212","111","CTD","59","151"
"S2023-10","2023","10","AlongBay_4","AlongBay","4","2023-10-25","12:16:00","213","158","CTD","59.5523666666666667","-151.5295166666666667"
"S2023-10","2023","10","AlongBay_5","AlongBay","5","2023-10-25","12:35:00","214","175","CTD","59.56285","-151.4603666666666667"
"S2023-10","2023","10","AlongBay_6","AlongBay","6","2023-10-25","12:53:00","215","103","CTD","59.5824666666666667","-151.3837166666666667"
"S2023-10","2023","10","AlongBay_7","AlongBay","7","2023-10-25","13:13:00","216","148","CTD","59.5919166666666667","-151.3493"
"S2023-10","2023","10","AlongBay_8","AlongBay","8","2023-10-25","13:29:00","217","83","CTD","59.6129166666666667","-151.2941833333333333"
"S2023-10","2023","10","AlongBay_9","AlongBay","9","2023-10-25","13:40:00","218","70","CTD","59.6315833333333333","-151.2490166666666667"
"S2023-10","2023","10","AlongBay_10","AlongBay","10","2023-10-25","13:51:00","219","64","CTD","59.6571833333333333","-151.2077"
"S2023-10","2023","10","AlongBay_11","AlongBay","11","2023-10-25","14:11:00","220","57","CTD","59.6860333333333333","-151.1649166666666667"
"S2023-10","2023","10","AlongBay_12","AlongBay","12","2023-10-25","14:29:00","221","80","CTD","59.7101666666666667","-151.1174"
"S2023-10","2023","10","AlongBay_13","AlongBay","13","2023-10-25","14:45:00","223","32","CTD","59.74015","-151.0569166666666667"
"S2023-10","2023","10","9_1","9","1","2023-10-25","15:23:00","224","51","CTD","59.5689166666666667","-151.3575166666666667"
"S2023-10","2023","10","9_2","9","2","2023-10-25","15:31:00","225","75","CTD","59.5718666666666667","-151.3620666666666667"
"S2023-10","2023","10","9_3","9","3","2023-10-25","15:37:00","226","93","CTD","59.5746","-151.3696166666666667"
"S2023-10","2023","10","9_4","9","4","2023-10-25","15:47:00","227","94","CTD","59.5763666666666667","-151.3739333333333333"
"S2023-10","2023","10","9_5","9","5","2023-10-25","15:52:00","228","97","CTD","59.5797","-151.3799"
"S2023-10","2023","10","9_6","9","6","2023-10-25","16:01:00","229","100","CTD","59","151"
"S2023-10","2023","10","9_7","9","7","2023-10-25","16:08:00","230","99","CTD","59.5862333333333333","-151.3904666666666667"
"S2023-10","2023","10","9_8","9","8","2023-10-25","16:16:00","231","93","CTD","59.5893166666666667","-151.3941666666666667"
"S2023-10","2023","10","9_9","9","9","2023-10-25","16:22:00","232","80","CTD","59.59285","-151.3994166666666667"
"S2023-10","2023","10","9_10","9","10","2023-10-25","16:30:00","233","60","CTD","59.5963166666666667","-151.4033333333333333"
"S2023-11","2023","11","AlongBay_2","AlongBay","2","2023-11-24","11:06:00","234","122","CTD","59.5186666666666667","-151.7252166666666667"
"S2023-11","2023","11","AlongBay_3","AlongBay","3","2023-11-24","11:32:00","235","112","CTD","59.5261166666666667","-151.6474"
"S2023-11","2023","11","AlongBay_4","AlongBay","4","2023-11-24","11:57:00","236","157","CTD","59.5517333333333333","-151.5311666666666667"
"S2023-11","2023","11","AlongBay_5","AlongBay","5","2023-11-24","12:13:00","237","176","CTD","59.5628166666666667","-151.4635"
"S2023-11","2023","11","AlongBay_6","AlongBay","6","2023-11-24","12:31:00","238","104","CTD","59.5821666666666667","-151.3851333333333333"
"S2023-11","2023","11","AlongBay_7","AlongBay","7","2023-11-24","12:48:00","239","150","CTD","59.5916666666666667","-151.3504"
"S2023-11","2023","11","AlongBay_8","AlongBay","8","2023-11-24","13:02:00","240","84","CTD","59.61245","-151.2949833333333333"
"S2023-11","2023","11","AlongBay_9","AlongBay","9","2023-11-24","13:14:00","241","71","CTD","59.6315666666666667","-151.2502166666666667"
"S2023-11","2023","11","AlongBay_10","AlongBay","10","2023-11-24","13:24:00","242","65","CTD","59.6571333333333333","-151.2085333333333333"
"S2023-11","2023","11","AlongBay_11","AlongBay","11","2023-11-24","13:38:00","243","58","CTD","59.6862666666666667","-151.1662"
"S2023-11","2023","11","9_1","9","1","2023-11-24","14:05:00","244","50","CTD","59.5698666666666667","-151.3555166666666667"
"S2023-11","2023","11","9_2","9","2","2023-11-24","14:10:00","245","73","CTD","59.5710333333333333","-151.3616666666666667"
"S2023-11","2023","11","9_3","9","3","2023-11-24","14:17:00","246","95","CTD","59.5749833333333333","-151.3692166666666667"
"S2023-11","2023","11","9_4","9","4","2023-11-24","14:24:00","247","95","CTD","59.57325","-151.3737"
"S2023-11","2023","11","9_5","9","5","2023-11-24","14:31:00","248","120","CTD","59.5793166666666667","-151.37945"
"S2023-11","2023","11","9_6","9","6","2023-11-24","14:38:00","249","105","CTD","59.5823333333333333","-151.3855"
"S2023-11","2023","11","9_7","9","7","2023-11-24","14:44:00","250","102","CTD","59.58595","-151.39"
"S2023-11","2023","11","9_8","9","8","2023-11-24","14:52:00","251","94","CTD","59.5891833333333333","-151.3949833333333333"
"S2023-11","2023","11","9_9","9","9","2023-11-24","15:00:00","252","83","CTD","59.5922","-151.3994333333333333"
"S2023-11","2023","11","9_10","9","10","2023-11-24","15:06:00","253","62","CTD","59.5958666666666667","-151.4041666666666667"
"S2023-12","2023","12","AlongBay_13","AlongBay","13","2023-12-15","10:53:05","1","27","CTD","59.741638","-151.056722"
"S2023-12","2023","12","AlongBay_12","AlongBay","12","2023-12-15","11:06:24","2","77","CTD","59.711405","-151.116401"
"S2023-12","2023","12","AlongBay_11","AlongBay","11","2023-12-15","11:15:51","3","55","CTD","59.687235","-151.162389"
"S2023-12","2023","12","AlongBay_10","AlongBay","10","2023-12-15","11:30:39","4","62","CTD","59.657289","-151.208648"
"S2023-12","2023","12","AlongBay_10","AlongBay","10","2023-12-15","11:36:09","","0","Chlorophyll","59.657289","-151.208648"
"S2023-12","2023","12","AlongBay_10","AlongBay","10","2023-12-15","11:35:00","","20","Chlorophyll","59.657289","-151.208648"
"S2023-12","2023","12","AlongBay_9","AlongBay","9","2023-12-15","11:40:47","5","67","CTD","59.632377","-151.249469"
"S2023-12","2023","12","AlongBay_8","AlongBay","8","2023-12-15","11:51:53","6","84","CTD","59.612195","-151.293981"
"S2023-12","2023","12","AlongBay_7","AlongBay","7","2023-12-15","12:06:38","7","146","CTD","59.592406","-151.349413"
"S2023-12","2023","12","AlongBay_6","AlongBay","6","2023-12-15","12:36:26","8","102","CTD","59.582463","-151.386428"
"S2023-12","2023","12","AlongBay_6","AlongBay","6","2023-12-15","12:37:08","","20","Chlorophyll","59.582463","-151.386428"
"S2023-12","2023","12","AlongBay_5","AlongBay","5","2023-12-15","12:47:52","9","175","CTD","59.561474","-151.459184"
"S2023-12","2023","12","AlongBay_4","AlongBay","4","2023-12-15","13:06:12","10","156","CTD","59.551992","-151.533262"
"S2023-12","2023","12","AlongBay_3","AlongBay","3","2023-12-15","13:24:02","11","111","CTD","59.524898","-151.651097"
"S2023-12","2023","12","AlongBay_3","AlongBay","3","2023-12-15","13:25:40","","0","Chlorophyll","59.524898","-151.651097"
"S2023-12","2023","12","AlongBay_3","AlongBay","3","2023-12-15","13:32:05","","20","Chlorophyll","59.524898","-151.651097"
"S2023-12","2023","12","AlongBay_2","AlongBay","2","2023-12-15","13:41:13","12","126","CTD","59.517088","-151.727538"
"S2023-12","2023","12","AlongBay_1","AlongBay","1","2023-12-15","14:07:49","13","74","CTD","59.499035","-151.884756"
"S2023-12","2023","12","9_1","9","1","2023-12-15","14:56:44","14","48","CTD","59.569929","-151.356175"
"S2023-12","2023","12","9_2","9","2","2023-12-15","15:02:26","15","80","CTD","59.572173","-151.362508"
"S2023-12","2023","12","9_3","9","3","2023-12-15","15:09:57","16","98","CTD","59.575145","-151.369003"
"S2023-12","2023","12","9_4","9","4","2023-12-15","15:15:12","17","99","CTD","59.577001","-151.373493"
"S2023-12","2023","12","9_8","9","8","2023-12-15","15:21:58","18","101","CTD","59.579517","-151.379616"
"S2023-12","2023","12","9_6","9","6","2023-12-15","15:30:14","19","105","CTD","59.582888","-151.384917"
"S2023-12","2023","12","9_7","9","7","2023-12-15","15:37:36","20","103","CTD","59.586916","-151.389761"
"S2023-12","2023","12","9_8","9","8","2023-12-15","15:43:03","21","98","CTD","59.589116","-151.394155"
"S2023-12","2023","12","9_9","9","9","2023-12-15","15:51:26","22","85","CTD","59.592607","-151.398978"
"S2023-12","2023","12","9_10","9","10","2023-12-15","15:59:38","23","65","CTD","59.596347","-151.403695"
"S2023-12","2023","12","AlongBay_6","AlongBay","6","2023-12-15","12:36:00","","0","Chlorophyll","59.582463","-151.386428"
"S2024-01","2024","1","AlongBay_1","AlongBay","1","2024-01-19","10:48:32","24","74","CTD","59.498751","-151.891356"
"S2024-01","2024","1","AlongBay_2","AlongBay","2","2024-01-19","11:08:55","25","125","CTD","59.516394","-151.729775"
"S2024-01","2024","1","AlongBay_3","AlongBay","3","2024-01-19","11:26:32","26","110","CTD","59.524722","-151.650936"
"S2024-01","2024","1","AlongBay_4","AlongBay","4","2024-01-19","11:45:30","27","156","CTD","59.551749","-151.528444"
"S2024-01","2024","1","AlongBay_5","AlongBay","5","2024-01-19","12:01:39","28","174","CTD","59.561986","-151.459249"
"S2024-01","2024","1","AlongBay_6","AlongBay","6","2024-01-19","12:23:00","29","101","CTD","59.5821833333333333","-151.38505"
"S2024-01","2024","1","AlongBay_7","AlongBay","7","2024-01-19","12:35:03","30","146","CTD","59.592107","-151.349824"
"S2024-01","2024","1","AlongBay_8","AlongBay","8","2024-01-19","12:51:57","31","81","CTD","59.612473","-151.295405"
"S2024-01","2024","1","AlongBay_9","AlongBay","9","2024-01-19","13:07:00","32","67","CTD","59.631664","-151.250558"
"S2024-01","2024","1","AlongBay_10","AlongBay","10","2024-01-19","13:17:30","33","63","CTD","59.657909","-151.209601"
"S2024-01","2024","1","AlongBay_11","AlongBay","11","2024-01-19","13:33:00","34","54","CTD","59.686476","-151.165382"
"S2024-01","2024","1","AlongBay_12","AlongBay","12","2024-01-19","13:44:00","35","77","CTD","59.711331","-151.116515"
"S2024-01","2024","1","AlongBay_13","AlongBay","13","2024-01-19","13:58:00","36","26","CTD","59.741710","-151.057395"
"S2024-01","2024","1","9_1","9","1","2024-01-19","14:34:28","37","58","CTD","59.570313","-151.356844"
"S2024-01","2024","1","9_2","9","2","2024-01-19","14:40:50","38","73","CTD","59.571630","-151.362475"
"S2024-01","2024","1","9_3","9","3","2024-01-19","14:46:27","39","92","CTD","59.574474","-151.368639"
"S2024-01","2024","1","9_4","9","4","2024-01-19","14:54:05","40","93","CTD","59.576151","-151.373433"
"S2024-01","2024","1","9_5","9","5","2024-01-19","15:02:17","41","95","CTD","59.579158","-151.379114"
"S2024-01","2024","1","9_6","9","6","2024-01-19","15:09:43","42","100","CTD","59.582222","-151.385231"
"S2024-01","2024","1","9_7","9","7","2024-01-19","15:16:51","43","99","CTD","59.585748","-151.390311"
"S2024-01","2024","1","9_8","9","8","2024-01-19","15:24:36","44","93","CTD","59.588758","-151.394369"
"S2024-01","2024","1","9_9","9","9","2024-01-19","15:33:01","45","79","CTD","59.592117","-151.400132"
"S2024-01","2024","1","9_10","9","10","2024-01-19","15:39:40","46","60","CTD","59.595669","-151.403856"
"S2024-03","2024","3","4_10","4","10","2024-03-06","09:41:52","47","20","CTD","59.633422","-151.651700"
"S2024-03","2024","3","4_9","4","9","2024-03-06","09:47:29","48","28","CTD","59.625356","-151.650299"
"S2024-03","2024","3","4_8","4","8","2024-03-06","09:54:11","49","31","CTD","59.608461","-151.650084"
"S2024-03","2024","3","4_7","4","7","2024-03-06","10:02:04","50","38","CTD","59.591736","-151.650123"
"S2024-03","2024","3","4_6","4","6","2024-03-06","10:08:44","51","66","CTD","59.574815","-151.650082"
"S2024-03","2024","3","4_5","4","5","2024-03-06","10:16:50","52","82","CTD","59.557825","-151.649462"
"S2024-03","2024","3","4_4","4","4","2024-03-06","10:26:20","53","112","CTD","",""
"S2024-03","2024","3","4_3","4","3","2024-03-06","10:35:16","54","112","CTD","",""
"S2024-03","2024","3","4_2","4","2","2024-03-06","10:46:05","55","104","CTD","59.508214","-151.649776"
"S2024-03","2024","3","4_1","4","1","2024-03-06","11:00:00","56","20","CTD","",""
"S2024-03","2024","3","9_1","9","1","2024-03-06","11:28:24","57","61","CTD","59.569436","-151.356588"
"S2024-03","2024","3","9_2","9","2","2024-03-06","11:35:16","58","80","CTD","59.572097","-151.362948"
"S2024-03","2024","3","9_3","9","3","2024-03-06","11:41:56","59","96","CTD","59.574788","-151.369793"
"S2024-03","2024","3","9_4","9","4","2024-03-06","11:48:37","60","98","CTD","59.577118","-151.373549"
"S2024-03","2024","3","9_5","9","5","2024-03-06","11:55:02","61","99","CTD","59.579228","-151.379221"
"S2024-03","2024","3","9_6","9","6","2024-03-06","12:03:03","62","104","CTD","59.582896","-151.385153"
"S2024-03","2024","3","9_7","9","7","2024-03-06","12:10:28","63","103","CTD","59.586236","-151.390019"
"S2024-03","2024","3","9_8","9","8","2024-03-06","12:17:41","64","96","CTD","59.589369","-151.393500"
"S2024-03","2024","3","9_10","9","10","2024-03-06","12:32:36","66","","CTD","59.596353","-151.404309"
"S2024-03","2024","3","AlongBay_PGRM","AlongBay","PGRM","2024-03-07","11:55:00","69","","CTD","59.392417","-152.041030"
"S2024-03","2024","3","AlongBay_POGI","AlongBay","POGI","2024-03-07","12:27:32","70","","CTD","59.450036","-151.998986"
"S2024-03","2024","3","AlongBay_POGI","AlongBay","POGI","2024-03-07","","","20","Chlorophyll","59.450036","-151.998986"
"S2024-03","2024","3","AlongBay_POGI","AlongBay","POGI","2024-03-07","","","0","Phytoplankton","59.450036","-151.998986"
"S2024-03","2024","3","AlongBay_1","AlongBay","1","2024-03-07","13:04:02","71","75","CTD","59.499602","-151.888476"
"S2024-03","2024","3","AlongBay_2","AlongBay","2","2024-03-07","13:21:46","72","126","CTD","59.517989","-151.728030"
"S2024-03","2024","3","AlongBay_4","AlongBay","4","2024-03-07","13:57:51","74","158","CTD","59.551825","-151.530340"
"S2024-03","2024","3","AlongBay_3","AlongBay","3","2024-03-07","13:36:00","73","","CTD","",""
"S2024-03","2024","3","AlongBay_3","AlongBay","3","2024-03-07","","","20","Chlorophyll","",""
"S2024-03","2024","3","AlongBay_3","AlongBay","3","2024-03-07","","","","Phytoplankton","",""
"S2024-03","2024","3","AlongBay_5","AlongBay","5","2024-03-07","14:11:49","75","177","CTD","59.562728","-151.461505"
"S2024-03","2024","3","AlongBay_6","AlongBay","6","2024-03-07","14:29:24","76","103","CTD","59.582510","-151.385069"
"S2024-03","2024","3","AlongBay_6","AlongBay","6","2024-03-07","14:29:39","","0","Phytoplankton","59.582510","-151.385069"
"S2024-03","2024","3","AlongBay_6","AlongBay","6","2024-03-07","14:34:00","","20","Chlorophyll","59.582510","-151.385069"
"S2024-03","2024","3","AlongBay_7","AlongBay","7","2024-03-07","14:40:04","77","149","CTD","59.591933","-151.350814"
"S2024-03","2024","3","AlongBay_8","AlongBay","8","2024-03-07","14:59:20","79","82","CTD","",""
"S2024-03","2024","3","AlongBay_9","AlongBay","9","2024-03-07","15:10:59","80","68","CTD","59.631249","-151.250606"
"S2024-03","2024","3","AlongBay_10","AlongBay","10","2024-03-07","15:19:01","81","","CTD","59.656870","-151.209348"
"S2024-03","2024","3","AlongBay_11","AlongBay","11","2024-03-07","15:35:15","82","55","CTD","59.686879","-151.164823"
"S2024-03","2024","3","AlongBay_12","AlongBay","12","2024-03-07","15:42:03","83","","CTD","59.711611","-151.116911"
"S2024-03","2024","3","AlongBay_13","AlongBay","13","2024-03-07","15:53:20","84","26","CTD","59.742107","-151.056999"
"S2024-03","2024","3","9_9","9","9","2024-03-06","12:25:00","65","83","CTD","","-"
"S2024-04","2024","4","6_2","6","2","2024-04-03","11:08:29","1","52","CTD","59.205229","-151.953015"
"S2024-04","2024","4","6_2","6","2","2024-04-03","11:13:56","","20","Water grab Niskin","59.205229","-151.953015"
"S2024-04","2024","4","6_2","6","2","2024-04-03","11:10:00","","1","Phytoplankton","59.205229","-151.953015"
"S2024-04","2024","4","7_22","7","22","2024-04-03","11:36:59","2","83","CTD","59.308923","-152.062706"
"S2024-04","2024","4","AlongBay_PGRM","AlongBay","PGRM","2024-04-03","11:57:47","3","68","CTD","59.391499","-152.042064"
"S2024-04","2024","4","AlongBay_POGI","AlongBay","POGI","2024-04-03","12:11:48","4","96","CTD","59.449209","-151.998454"
"S2024-04","2024","4","AlongBay_1","AlongBay","1","2024-04-03","12:28:51","5","74","CTD","59.498778","-151.890933"
"S2024-04","2024","4","AlongBay_2","AlongBay","2","2024-04-03","12:47:25","6","122","CTD","59.518001","-151.729485"
"S2024-04","2024","4","AlongBay_3","AlongBay","3","2024-04-03","13:02:33","7","109","CTD","59.525435","-151.647907"
"S2024-04","2024","4","AlongBay_3","AlongBay","3","2024-04-03","13:06:53","","1","Phytoplankton","59.525435","-151.647907"
"S2024-04","2024","4","AlongBay_3","AlongBay","3","2024-04-03","13:08:00","","20","Water grab Niskin","59.525435","-151.647907"
"S2024-04","2024","4","AlongBay_4","AlongBay","4","2024-04-03","13:23:11","8","160","CTD","59.553285","-151.526218"
"S2024-04","2024","4","AlongBay_5","AlongBay","5","2024-04-03","13:38:39","9","174","CTD","59.562228","-151.461338"
"S2024-04","2024","4","AlongBay_6","AlongBay","6","2024-04-03","13:55:06","10","101","CTD","59.582200","-151.384887"
"S2024-04","2024","4","AlongBay_6","AlongBay","6","2024-04-03","13:57:00","","1","Phytoplankton","59.582200","-151.384887"
"S2024-04","2024","4","AlongBay_6","AlongBay","6","2024-04-03","14:00:44","","20","Water grab Niskin","59.582200","-151.384887"
"S2024-04","2024","4","AlongBay_7","AlongBay","7","2024-04-03","14:07:36","11","146","CTD","59.591514","-151.348625"
"S2024-04","2024","4","AlongBay_8","AlongBay","8","2024-04-03","14:20:56","12","80","CTD","59.612667","-151.295640"
"S2024-04","2024","4","AlongBay_9","AlongBay","9","2024-04-03","14:30:47","13","66","CTD","59.632183","-151.249584"
"S2024-04","2024","4","AlongBay_10","AlongBay","10","2024-04-03","14:40:44","14","63","CTD","59.658316","-151.208775"
"S2024-04","2024","4","AlongBay_10","AlongBay","10","2024-04-03","14:41:11","","1","Phytoplankton","59.658316","-151.208775"
"S2024-04","2024","4","AlongBay_10","AlongBay","10","2024-04-03","14:43:43","","20","Water grab Niskin","59.658316","-151.208775"
"S2024-04","2024","4","AlongBay_11","AlongBay","11","2024-04-03","14:54:22","15","54","CTD","59.686574","-151.164493"
"S2024-04","2024","4","AlongBay_12","AlongBay","12","2024-04-03","15:03:51","16","77","CTD","59.712006","-151.116722"
"S2024-04","2024","4","AlongBay_13","AlongBay","13","2024-04-03","15:15:00","17","26","CTD","59.741522","-151.057063"
"S2024-04","2024","4","4_10","4","10","2024-04-04","09:50:51","18","19","CTD","59.633395","-151.650403"
"S2024-04","2024","4","4_9","4","9","2024-04-04","09:55:19","19","27","CTD","59.625869","-151.649543"
"S2024-04","2024","4","4_8","4","8","2024-04-04","10:01:52","20","30","CTD","59.608191","-151.649698"
"S2024-04","2024","4","4_7","4","7","2024-04-04","10:08:34","21","37","CTD","59.591421","-151.650068"
"S2024-04","2024","4","4_6","4","6","2024-04-04","10:14:23","22","63","CTD","59.575403","-151.649935"
"S2024-04","2024","4","4_5","4","5","2024-04-04","10:22:34","23","80","CTD","59.558527","-151.649738"
"S2024-04","2024","4","4_4","4","4","2024-04-04","10:30:51","24","90","CTD","59.542235","-151.649401"
"S2024-04","2024","4","4_3","4","3","2024-04-04","10:39:21","25","111","CTD","59.525010","-151.650647"
"S2024-04","2024","4","4_2","4","2","2024-04-04","10:48:10","26","105","CTD","59.509332","-151.649740"
"S2024-04","2024","4","4_1","4","1","2024-04-04","10:58:01","27","20","CTD","59.491807","-151.650073"
"S2024-04","2024","4","9_1","9","1","2024-04-04","11:25:59","28","50","CTD","59.570216","-151.355681"
"S2024-04","2024","4","9_2","9","2","2024-04-04","11:32:25","29","84","CTD","59.572777","-151.363721"
"S2024-04","2024","4","9_3","9","3","2024-04-04","11:40:08","30","96","CTD","59.574765","-151.369392"
"S2024-04","2024","4","9_4","9","4","2024-04-04","11:46:12","31","97","CTD","59.576614","-151.373341"
"S2024-04","2024","4","9_5","9","5","2024-04-04","11:56:06","32","100","CTD","59.579856","-151.379807"
"S2024-04","2024","4","9_6","9","6","2024-04-04","12:03:34","33","103","CTD","59.583109","-151.385786"
"S2024-04","2024","4","9_7","9","7","2024-04-04","12:28:00","34","103","CTD","59.585546","-151.389165"
"S2024-04","2024","4","9_6","9","6","2024-04-04","12:15:00","","103","Zooplankton","59.583109","-151.385786"
"S2024-04","2024","4","9_8","9","8","2024-04-04","12:32:35","35","95","CTD","59.589235","-151.395232"
"S2024-04","2024","4","9_9","9","9","2024-04-04","12:41:05","36","85","CTD","59.592088","-151.398930"
"S2024-04","2024","4","9_10","9","10","2024-04-04","12:45:41","37","63","CTD","59.595987","-151.404039"
"S2024-05","2024","5","AlongBay_2","AlongBay","2","2024-05-14","09:50:25","1","123","CTD","59.518210","-151.727627"
"S2024-05","2024","5","AlongBay_2","AlongBay","2","2024-05-14","10:03:46","38","125","CTD","59.518210","-151.727627"
"S2024-05","2024","5","AlongBay_3","AlongBay","3","2024-05-14","10:19:44","39","109","CTD","59.524619","-151.651300"
"S2024-05","2024","5","AlongBay_3","AlongBay","3","2024-05-14","10:30:00","","20","Chlorophyll","59.524619","-151.651300"
"S2024-05","2024","5","AlongBay_3","AlongBay","3","2024-05-14","10:15:00","","0","Phytoplankton","59.524619","-151.651300"
"S2024-05","2024","5","AlongBay_4","AlongBay","4","2024-05-14","10:47:40","40","155","CTD","59.551834","-151.530271"
"S2024-05","2024","5","AlongBay_5","AlongBay","5","2024-05-14","11:02:47","41","172","CTD","59.563037","-151.460327"
"S2024-05","2024","5","AlongBay_5","AlongBay","5","2024-05-14","11:15:00","","100","Zooplankton","59.563037","-151.460327"
"S2024-05","2024","5","AlongBay_5","AlongBay","5","2024-05-14","11:21:00","2","155","CTD","59.563037","-151.460327"
"S2024-05","2024","5","AlongBay_6","AlongBay","6","2024-05-14","11:41:06","42","100","CTD","59.582120","-151.385399"
"S2024-05","2024","5","AlongBay_7","AlongBay","7","2024-05-14","11:56:18","43","145","CTD","59.592012","-151.349973"
"S2024-05","2024","5","AlongBay_8","AlongBay","8","2024-05-14","12:12:01","44","79","CTD","59.613422","-151.294305"
"S2024-05","2024","5","AlongBay_9","AlongBay","9","2024-05-14","12:22:22","45","66","CTD","59.632182","-151.249565"
"S2024-05","2024","5","AlongBay_10","AlongBay","10","2024-05-14","12:31:59","46","62","CTD","59.661011","-151.202278"
"S2024-05","2024","5","AlongBay_10","AlongBay","10","2024-05-14","12:42:22","","0","Phytoplankton","59.661011","-151.202278"
"S2024-05","2024","5","AlongBay_10","AlongBay","10","2024-05-14","12:42:43","","20","Chlorophyll","59.661011","-151.202278"
"S2024-05","2024","5","AlongBay_11","AlongBay","11","2024-05-14","12:48:44","47","53","CTD","59.687221","-151.164612"
"S2024-05","2024","5","AlongBay_12","AlongBay","12","2024-05-14","12:58:50","48","76","CTD","59.711871","-151.116235"
"S2024-05","2024","5","AlongBay_13","AlongBay","13","2024-05-14","13:10:51","49","24","CTD","59.742010","-151.057215"
"S2024-05","2024","5","9_1","9","1","2024-05-14","14:15:58","50","52","CTD","59.570256","-151.357139"
"S2024-05","2024","5","9_2","9","2","2024-05-14","14:24:02","51","75","CTD","59.572178","-151.363197"
"S2024-05","2024","5","9_3","9","3","2024-05-14","14:33:48","52","89","CTD","59.573948","-151.368899"
"S2024-05","2024","5","9_4","9","4","2024-05-14","14:40:13","53","92","CTD","59.576366","-151.374129"
"S2024-05","2024","5","9_5","9","5","2024-05-14","14:48:04","54","95","CTD","59.578982","-151.380302"
"S2024-05","2024","5","9_6","9","6","2024-05-14","14:55:38","55","100","CTD","59.582064","-151.385702"
"S2024-05","2024","5","9_7","9","7","2024-05-14","15:03:21","56","99","CTD","59.585704","-151.390234"
"S2024-05","2024","5","9_8","9","8","2024-05-14","15:10:37","57","92","CTD","59.589157","-151.394532"
"S2024-05","2024","5","9_9","9","9","2024-05-14","15:17:30","58","79","CTD","59.592760","-151.399465"
"S2024-05","2024","5","9_10","9","10","2024-05-14","15:23:22","59","58","CTD","59.596433","-151.404070"
"S2024-05","2024","5","AlongBay_13","AlongBay","13","2024-05-14","13:14:00","3","24","CTD","59.742010","-151.057215"
"S2024-06","2024","6","AlongBay_1","AlongBay","1","2024-06-13","10:42:59","1","71","CTD","59.502194","-151.882922"
"S2024-06","2024","6","AlongBay_2","AlongBay","2","2024-06-13","11:03:31","2","115","CTD","59.518969","-151.729655"
"S2024-06","2024","6","AlongBay_3","AlongBay","3","2024-06-13","11:19:38","3","115","CTD","59.524433","-151.649593"
"S2024-06","2024","6","AlongBay_3","AlongBay","3","2024-06-13","11:20:00","","0","Phytoplankton","59.524433","-151.649593"
"S2024-06","2024","6","AlongBay_3","AlongBay","3","2024-06-13","11:30:00","","20","Chlorophyll","59.524433","-151.649593"
"S2024-06","2024","6","AlongBay_4","AlongBay","4","2024-06-13","11:45:00","4","150","CTD","",""
"S2024-06","2024","6","AlongBay_5","AlongBay","5","2024-06-13","12:04:38","5","173","CTD","59.562586","-151.461958"
"S2024-06","2024","6","AlongBay_6","AlongBay","6","2024-06-13","12:18:58","6","100","CTD","59.582966","-151.382211"
"S2024-06","2024","6","AlongBay_6","AlongBay","6","2024-06-13","12:30:51","","20","Chlorophyll","59.582966","-151.382211"
"S2024-06","2024","6","AlongBay_6","AlongBay","6","2024-06-13","12:25:00","","0","Phytoplankton","59.582966","-151.382211"
"S2024-06","2024","6","AlongBay_7","AlongBay","7","2024-06-13","12:35:28","7","","CTD","59.592733","-151.347523"
"S2024-06","2024","6","AlongBay_8","AlongBay","8","2024-06-13","12:47:15","8","81","CTD","59.613319","-151.292753"
"S2024-06","2024","6","AlongBay_9","AlongBay","9","2024-06-13","12:57:41","9","","CTD","59.631767","-151.249000"
"S2024-06","2024","6","AlongBay_10","AlongBay","10","2024-06-13","13:08:59","10","61","CTD","59.658448","-151.207140"
"S2024-06","2024","6","AlongBay_10","AlongBay","10","2024-06-13","13:20:00","","20","Chlorophyll","59.658448","-151.207140"
"S2024-06","2024","6","AlongBay_10","AlongBay","10","2024-06-13","13:20:00","","0","Phytoplankton","59.658448","-151.207140"
"S2024-06","2024","6","AlongBay_11","AlongBay","11","2024-06-13","13:26:41","11","53","CTD","59.687768","-151.162955"
"S2024-06","2024","6","AlongBay_12","AlongBay","12","2024-06-13","13:37:19","12","76","CTD","59.711783","-151.115652"
"S2024-06","2024","6","AlongBay_13","AlongBay","13","2024-06-13","13:50:52","13","25","CTD","59.741557","-151.056669"
"S2024-06","2024","6","9_1","9","1","2024-06-13","14:57:04","14","57","CTD","59.570403","-151.357318"
"S2024-06","2024","6","9_2","9","2","2024-06-13","15:08:09","15","73","CTD","59.571743","-151.362348"
"S2024-06","2024","6","9_3","9","3","2024-06-13","15:16:32","16","92","CTD","59.574604","-151.368464"
"S2024-06","2024","6","9_4","9","4","2024-06-13","15:25:43","17","92","CTD","59.576091","-151.374503"
"S2024-06","2024","6","9_5","9","5","2024-06-13","15:33:09","18","95","CTD","59.579430","-151.379121"
"S2024-06","2024","6","9_6","9","6","2024-06-13","15:42:11","19","100","CTD","59.582459","-151.385505"
"S2024-06","2024","6","9_7","9","7","2024-06-13","15:50:47","20","99","CTD","59.586015","-151.389882"
"S2024-06","2024","6","9_8","9","8","2024-06-13","15:59:50","21","92","CTD","59.589505","-151.394038"
"S2024-06","2024","6","9_9","9","9","2024-06-13","16:07:16","22","78","CTD","59.592616","-151.399883"
"S2024-06","2024","6","9_10","9","10","2024-06-13","16:13:56","23","60","CTD","59.596397","-151.404511"
"S2024-07","2024","7","6_3","6","3","2024-07-18","11:28:05","1","105","CTD","59.202534","-151.989895"
"S2024-07","2024","7","6_3","6","3","2024-07-18","11:30:00","","20","Chlorophyll","59.202534","-151.989895"
"S2024-07","2024","7","6_3","6","3","2024-07-18","11:30:00","","0","Phytoplankton","59.202534","-151.989895"
"S2024-07","2024","7","7_22","7","22","2024-07-18","12:05:46","2","81","CTD","59.310125","-152.062980"
"S2024-07","2024","7","AlongBay_PGRM","AlongBay","PGRM","2024-07-18","12:24:10","3","67","CTD","59.391223","-152.042210"
"S2024-07","2024","7","AlongBay_POGI","AlongBay","POGI","2024-07-18","12:39:10","4","101","CTD","59.451398","-152.000032"
"S2024-07","2024","7","AlongBay_1","AlongBay","1","2024-07-18","13:03:33","5","74","CTD","59.497490","-151.888482"
"S2024-07","2024","7","AlongBay_2","AlongBay","2","2024-07-18","13:24:12","6","124","CTD","59.516616","-151.736852"
"S2024-07","2024","7","AlongBay_3","AlongBay","3","2024-07-18","13:40:17","7","110","CTD","59.524328","-151.650257"
"S2024-07","2024","7","AlongBay_4","AlongBay","4","2024-07-18","14:09:57","8","154","CTD","59.551218","-151.529308"
"S2024-07","2024","7","AlongBay_5","AlongBay","5","2024-07-18","14:26:05","9","174","CTD","59.562717","-151.460696"
"S2024-07","2024","7","AlongBay_6","AlongBay","6","2024-07-18","14:43:37","10","102","CTD","59.582831","-151.383757"
"S2024-07","2024","7","AlongBay_6","AlongBay","6","2024-07-18","14:45:00","","0","Phytoplankton","59.582831","-151.383757"
"S2024-07","2024","7","AlongBay_6","AlongBay","6","2024-07-18","14:48:00","","20","Chlorophyll","59.582831","-151.383757"
"S2024-07","2024","7","AlongBay_7","AlongBay","7","2024-07-18","15:03:15","11","146","CTD","59.592519","-151.348588"
"S2024-07","2024","7","AlongBay_8","AlongBay","8","2024-07-18","15:30:31","12","81","CTD","59.612651","-151.296501"
"S2024-07","2024","7","AlongBay_9","AlongBay","9","2024-07-18","15:41:57","13","68","CTD","59.632351","-151.249557"
"S2024-07","2024","7","AlongBay_10","AlongBay","10","2024-07-18","15:53:52","14","65","CTD","59.658307","-151.209262"
"S2024-07","2024","7","AlongBay_10","AlongBay","10","2024-07-18","15:56:00","","0","Phytoplankton","59.658307","-151.209262"
"S2024-07","2024","7","AlongBay_10","AlongBay","10","2024-07-18","15:59:00","","20","Chlorphyll","59.658307","-151.209262"
"S2024-07","2024","7","AlongBay_11","AlongBay","11","2024-07-18","16:14:11","15","55","CTD","59.685153","-151.167664"
"S2024-07","2024","7","AlongBay_12","AlongBay","12","2024-07-18","16:25:41","16","79","CTD","59.710415","-151.118250"
"S2024-07","2024","7","AlongBay_13","AlongBay","13","2024-07-18","16:39:14","17","27","CTD","59.742518","-151.055252"
"S2024-07","2024","7","AlongBay_13","AlongBay","13","2024-07-18","16:43:17","18","28","CTD","59.742820","-151.054453"
"S2024-07","2024","7","4_10","4","10","2024-07-19","09:53:00","19","12","CTD","59.634163","-151.646622"
"S2024-07","2024","7","4_9","4","9","2024-07-19","09:58:29","20","23","CTD","59.626219","-151.649123"
"S2024-07","2024","7","4_8","4","8","2024-07-19","10:05:40","21","26.8","CTD","59.609532","-151.649746"
"S2024-07","2024","7","4_7","4","7","2024-07-19","10:13:24","22","33.9","CTD","59.591666","-151.649593"
"S2024-07","2024","7","4_6","4","6","2024-07-19","10:20:22","23","60.8","CTD","59.574643","-151.650526"
"S2024-07","2024","7","4_5","4","5","2024-07-19","10:28:16","24","77","CTD","59.558858","-151.650056"
"S2024-07","2024","7","4_4","4","4","2024-07-19","10:38:00","25","86","CTD","59.543024","-151.650414"
"S2024-07","2024","7","4_3","4","3","2024-07-19","10:48:22","26","106","CTD","59.527061","-151.650586"
"S2024-07","2024","7","4_2","4","2","2024-07-19","10:59:40","27","100","CTD","59.508549","-151.650794"
"S2024-07","2024","7","4_1","4","1","2024-07-19","11:08:52","28","18","CTD","59.491965","-151.650182"
"S2024-07","2024","7","9_1","9","1","2024-07-19","12:17:21","29","55","CTD","59.570459","-151.356398"
"S2024-07","2024","7","9_2","9","2","2024-07-19","12:22:43","30","78","CTD","59.572018","-151.363028"
"S2024-07","2024","7","9_3","9","3","2024-07-19","12:30:28","31","93","CTD","59.574777","-151.370732"
"S2024-07","2024","7","9_4","9","4","2024-07-19","12:42:18","32","95","CTD","59.576365","-151.372919"
"S2024-07","2024","7","9_5","9","5","2024-07-19","12:49:48","33","98","CTD","59.579587","-151.379289"
"S2024-07","2024","7","9_6","9","6","2024-07-19","12:57:42","34","102","CTD","59.582879","-151.385106"
"S2024-07","2024","7","9_7","9","7","2024-07-19","13:10:52","35","101","CTD","59.586104","-151.390337"
"S2024-07","2024","7","9_8","9","8","2024-07-19","13:18:41","36","95","CTD","59.589374","-151.393947"
"S2024-07","2024","7","9_9","9","9","2024-07-19","13:26:56","37","81","CTD","59.593036","-151.399528"
"S2024-07","2024","7","9_10","9","10","2024-07-19","13:33:17","38","63","CTD","59.596197","-151.403592"
"S2024-08","2024","8","AlongBay_1","AlongBay","1","2024-08-26","10:55:30","1","72","CTD","59.500095","-151.888957"
"S2024-08","2024","8","AlongBay_2","AlongBay","2","2024-08-26","11:17:16","2","122","CTD","59.517555","-151.729410"
"S2024-08","2024","8","AlongBay_3","AlongBay","3","2024-08-26","11:33:57","3","108","CTD","59.524779","-151.650290"
"S2024-08","2024","8","AlongBay_4","AlongBay","4","2024-08-26","11:58:00","4","153","CTD","59.551935","-151.530512"
"S2024-08","2024","8","AlongBay_5","AlongBay","5","2024-08-26","12:15:24","5","169","CTD","59.563161","-151.460283"
"S2024-08","2024","8","AlongBay_6","AlongBay","6","2024-08-26","12:33:53","6","99","CTD","59.581513","-151.385649"
"S2024-08","2024","8","AlongBay_6","AlongBay","6","2024-08-26","12:45:00","","0","Phytoplankton","59.581513","-151.385649"
"S2024-08","2024","8","AlongBay_6","AlongBay","6","2024-08-26","12:50:00","","70","Zooplankton","59.581513","-151.385649"
"S2024-08","2024","8","AlongBay_7","AlongBay","7","2024-08-26","12:57:34","7","144","CTD","59.592170","-151.349729"
"S2024-08","2024","8","AlongBay_8","AlongBay","8","2024-08-26","13:11:57","8","79","CTD","59.613127","-151.295021"
"S2024-08","2024","8","AlongBay_9","AlongBay","9","2024-08-26","13:24:00","9","66","CTD","59.631938","-151.249965"
"S2024-08","2024","8","AlongBay_10","AlongBay","10","2024-08-26","13:32:11","10","62","CTD","59.658114","-151.208911"
"S2024-08","2024","8","AlongBay_10","AlongBay","10","2024-08-26","13:40:00","","0","Phytoplankton","59.658114","-151.208911"
"S2024-08","2024","8","AlongBay_10","AlongBay","10","2024-08-26","13:42:00","","20","Chlorophyll","59.658114","-151.208911"
"S2024-08","2024","8","AlongBay_11","AlongBay","11","2024-08-26","13:47:39","11","53","CTD","59.686797","-151.165486"
"S2024-08","2024","8","AlongBay_12","AlongBay","12","2024-08-26","13:58:57","12","","CTD","59.712076","-151.115946"
"S2024-08","2024","8","AlongBay_13","AlongBay","13","2024-08-26","14:12:04","13","24","CTD","59.741930","-151.057389"
"S2024-08","2024","8","9_1","9","1","2024-08-26","14:51:08","14","63","CTD","59.570763","-151.358137"
"S2024-08","2024","8","9_2","9","2","2024-08-26","14:55:22","15","74","CTD","59.571778","-151.362330"
"S2024-08","2024","8","9_3","9","3","2024-08-26","15:03:17","16","90","CTD","59.574116","-151.368605"
"S2024-08","2024","8","9_4","9","4","2024-08-26","15:09:22","17","90","CTD","59.576430","-151.372649"
"S2024-08","2024","8","9_5","9","5","2024-08-26","15:16:35","18","94","CTD","59.579061","-151.378991"
"S2024-08","2024","8","9_6","9","6","2024-08-26","15:25:29","19","99","CTD","59.582182","-151.384874"
"S2024-08","2024","8","9_7","9","7","2024-08-26","15:32:23","20","99","CTD","59.585360","-151.388890"
"S2024-08","2024","8","9_8","9","8","2024-08-26","15:41:24","21","94","CTD","59.588632","-151.394319"
"S2024-08","2024","8","9_9","9","9","2024-08-26","15:48:07","22","83","CTD","59.591910","-151.398313"
"S2024-08","2024","8","9_10","9","10","2024-08-26","15:56:21","23","63","CTD","59.595628","-151.403523"
"S2024-09","2024","9","9_10","9","10","2024-09-26","10:36:50","4","","CTD","59.596280","-151.403390"
"S2024-09","2024","9","9_9","9","9","2024-09-26","10:43:39","5","","CTD","59.592442","-151.399051"
"S2024-09","2024","9","9_8","9","8","2024-09-26","10:51:17","6","","CTD","59.589161","-151.394328"
"S2024-09","2024","9","9_7","9","7","2024-09-26","11:00:37","7","","CTD","59.585965","-151.389350"
"S2024-09","2024","9","9_6","9","6","2024-09-26","11:07:28","8","","CTD","59.582542","-151.384646"
"S2024-09","2024","9","9_5","9","5","2024-09-26","11:15:21","9","","CTD","59.579336","-151.379359"
"S2024-09","2024","9","9_4","9","4","2024-09-26","11:24:29","10","","CTD","59.576804","-151.372669"
"S2024-09","2024","9","9_3","9","3","2024-09-26","11:31:43","11","","CTD","59.574544","-151.368436"
"S2024-09","2024","9","9_2","9","2","2024-09-26","11:39:22","12","","CTD","59.571944","-151.362166"
"S2024-09","2024","9","9_1","9","1","2024-09-26","11:47:18","13","","CTD","59.570461","-151.357250"
"S2024-09","2024","9","AlongBay_3","AlongBay","3","2024-09-26","12:34:58","14","","CTD","59.524901","-151.649119"
"S2024-09","2024","9","AlongBay_3","AlongBay","3","2024-09-26","12:40:00","","0","Chlorophyll","59.524901","-151.649119"
"S2024-09","2024","9","AlongBay_3","AlongBay","3","2024-09-26","12:43:00","","","Phytoplankton","59.524901","-151.649119"
"S2024-09","2024","9","AlongBay_4","AlongBay","4","2024-09-26","12:59:57","15","","CTD","59.551053","-151.534620"
"S2024-09","2024","9","AlongBay_5","AlongBay","5","2024-09-26","13:15:12","16","","CTD","59.563027","-151.460021"
"S2024-09","2024","9","AlongBay_6","AlongBay","6","2024-09-26","13:32:32","17","","CTD","59.582478","-151.384616"
"S2024-09","2024","9","AlongBay_6","AlongBay","6","2024-09-26","13:41:30","","0","Phytoplankton","59.582478","-151.384616"
"S2024-09","2024","9","AlongBay_6","AlongBay","6","2024-09-26","13:41:44","","20","Chlorophyll","59.582478","-151.384616"
"S2024-09","2024","9","AlongBay_7","AlongBay","7","2024-09-26","13:46:14","18","","CTD","59.592244","-151.349913"
"S2024-09","2024","9","AlongBay_8","AlongBay","8","2024-09-26","14:00:26","19","","CTD","59.612954","-151.295117"
"S2024-09","2024","9","AlongBay_9","AlongBay","9","2024-09-26","14:14:05","20","","CTD","59.632139","-151.249468"
"S2024-09","2024","9","AlongBay_10","AlongBay","10","2024-09-26","14:25:06","21","","CTD","59.658342","-151.208171"
"S2024-09","2024","9","AlongBay_10","AlongBay","10","2024-09-26","14:32:13","","20","Chlorophyll","59.658342","-151.208171"
"S2024-09","2024","9","AlongBay_10","AlongBay","10","2024-09-26","14:25:00","","0","Phytoplankton","59.658342","-151.208171"
"S2024-09","2024","9","AlongBay_11","AlongBay","11","2024-09-26","14:39:38","22","","CTD","59.686958","-151.165365"
"S2024-09","2024","9","AlongBay_12","AlongBay","12","2024-09-26","14:52:21","23","","CTD","59.712279","-151.115466"
"S2024-09","2024","9","AlongBay_13","AlongBay","13","2024-09-26","15:04:15","24","","CTD","59.741994","-151.057142"
"S2024-09","2024","9","4_10","4","10","2024-09-27","10:46:28","25","18","CTD","59.633764","-151.650944"
"S2024-09","2024","9","4_9","4","9","2024-09-27","10:51:26","26","28","CTD","59.624971","-151.650176"
"S2024-09","2024","9","4_8","4","8","2024-09-27","11:01:07","27","","CTD","59.608715","-151.650353"
"S2024-09","2024","9","4_7","4","7","2024-09-27","11:11:11","28","37","CTD","59.592174","-151.649660"
"S2024-09","2024","9","4_6","4","6","2024-09-27","11:19:20","29","63.","CTD","59.574972","-151.649966"
"S2024-09","2024","9","4_5","4","5","2024-09-27","11:28:06","30","","CTD","59.558372","-151.650865"
"S2024-09","2024","9","4_4","4","4","2024-09-27","11:38:28","31","89","CTD","59.541689","-151.649924"
"S2024-09","2024","9","4_3","4","3","2024-09-27","11:46:58","32","109","CTD","59.524897","-151.650454"
"S2024-09","2024","9","4_2","4","2","2024-09-27","11:57:06","33","102","CTD","59.508302","-151.649871"
"S2024-09","2024","9","4_1","4","1","2024-09-27","12:08:05","34","","CTD","59.491579","-151.649915"
"S2024-09","2024","9","AlongBay_2","AlongBay","2","2024-09-27","12:19:57","35","122","CTD","59.518095","-151.727315"
"S2024-09","2024","9","AlongBay_1","AlongBay","1","2024-09-27","12:47:52","36","72","CTD","59.500496","-151.887427"
"S2024-09","2024","9","AlongBay_POGI","AlongBay","POGI","2024-09-27","13:12:34","37","106","CTD","59.450165","-151.999278"
"S2024-09","2024","9","AlongBay_PGRM","AlongBay","PGRM","2024-09-27","13:30:09","38","70","CTD","59.392418","-152.042981"
"S2024-09","2024","9","7_22","7","22","2024-09-27","13:52:42","39","76","CTD","59.310049","-152.064558"
"S2024-09","2024","9","6_3","6","3","2024-09-27","14:21:44","40","106","CTD","59.197500","-151.980609"
"S2024-10","2024","10","AlongBay_1","AlongBay","1","2024-10-10","10:57:19","41","10","CTD","59.500141","-151.885029"
"S2024-10","2024","10","AlongBay_1","AlongBay","1","2024-10-10","11:01:32","42","72","CTD","59.500141","-151.885029"
"S2024-10","2024","10","AlongBay_2","AlongBay","2","2024-10-10","11:22:45","43","121","CTD","59.518200","-151.726955"
"S2024-10","2024","10","AlongBay_3","AlongBay","3","2024-10-10","11:42:30","44","108","CTD","59.525848","-151.649593"
"S2024-10","2024","10","AlongBay_3","AlongBay","3","2024-10-10","11:45:19","","20","Chlorophyll","59.525848","-151.649593"
"S2024-10","2024","10","AlongBay_4","AlongBay","4","2024-10-10","12:04:34","45","154","CTD","59.552227","-151.530498"
"S2024-10","2024","10","AlongBay_5","AlongBay","5","2024-10-10","12:20:18","46","169","CTD","59.563308","-151.459399"
"S2024-10","2024","10","AlongBay_6","AlongBay","6","2024-10-10","12:37:51","47","100","CTD","59.582461","-151.385269"
"S2024-10","2024","10","AlongBay_6","AlongBay","6","2024-10-10","12:45:00","","20","Chlorophyll","59.582461","-151.385269"
"S2024-10","2024","10","AlongBay_6","AlongBay","6","2024-10-10","12:37:00","","0","Phytoplankton","59.582461","-151.385269"
"S2024-10","2024","10","AlongBay_7","AlongBay","7","2024-10-10","12:49:56","48","144","CTD","59.592106","-151.348752"
"S2024-10","2024","10","AlongBay_8","AlongBay","8","2024-10-10","13:04:36","49","80","CTD","59.613088","-151.294805"
"S2024-10","2024","10","AlongBay_9","AlongBay","9","2024-10-10","13:16:01","50","66","CTD","59.632720","-151.248351"
"S2024-10","2024","10","AlongBay_10","AlongBay","10","2024-10-10","13:26:18","51","","CTD","59.657519","-151.208891"
"S2024-10","2024","10","AlongBay_11","AlongBay","11","2024-10-10","13:40:13","52","54","CTD","59.686886","-151.165348"
"S2024-10","2024","10","AlongBay_12","AlongBay","12","2024-10-10","13:53:10","53","76","CTD","59.712466","-151.114913"
"S2024-10","2024","10","AlongBay_12","AlongBay","12","2024-10-10","13:55:00","","66","Zooplankton","59.712466","-151.114913"
"S2024-10","2024","10","AlongBay_13","AlongBay","13","2024-10-10","14:06:59","54","25","CTD","59.742198","-151.057587"
"S2024-10","2024","10","9_1","9","1","2024-10-10","14:43:48","55","70","CTD","59.569263","-151.359232"
"S2024-10","2024","10","9_2","9","2","2024-10-10","14:49:44","56","76","CTD","59.572102","-151.363041"
"S2024-10","2024","10","9_3","9","3","2024-10-10","14:57:09","57","91","CTD","59.574197","-151.370725"
"S2024-10","2024","10","9_4","9","4","2024-10-10","15:03:16","58","94","CTD","59.576697","-151.374111"
"S2024-10","2024","10","9_5","9","5","2024-10-10","15:12:07","59","97","CTD","59.579492","-151.379966"
"S2024-10","2024","10","9_6","9","6","2024-10-10","15:20:10","60","100","CTD","59.583081","-151.385520"
"S2024-10","2024","10","9_7","9","7","2024-10-10","15:26:37","61","99","CTD","59.586025","-151.389878"
"S2024-10","2024","10","9_8","9","8","2024-10-10","15:35:07","62","92","CTD","59.589240","-151.394533"
"S2024-10","2024","10","9_9","9","9","2024-10-10","16:20:25","63","","CTD","59.592411","-151.399860"
"S2024-10","2024","10","9_10","9","10","2024-10-10","16:27:16","64","","CTD","59.596077","-151.403767"
"S2024-11","2024","11","AlongBay_13","AlongBay","13","2024-11-21","11:38:38","1","24.6","CTD","59.742354","-151.056859"
"S2024-11","2024","11","AlongBay_11","AlongBay","11","2024-11-21","11:57:18","3","54","CTD","59.687433","-151.164617"
"S2024-11","2024","11","AlongBay_10","AlongBay","10","2024-11-21","12:06:05","4","62","CTD","59.658858","-151.208201"
"S2024-11","2024","11","AlongBay_9","AlongBay","9","2024-11-21","12:16:11","5","66","CTD","59.632510","-151.249982"
"S2024-11","2024","11","AlongBay_8","AlongBay","8","2024-11-21","12:25:21","6","80","CTD","59.611905","-151.296362"
"S2024-11","2024","11","AlongBay_7","AlongBay","7","2024-11-21","12:34:49","7","144","CTD","59.592622","-151.348821"
"S2024-11","2024","11","AlongBay_6","AlongBay","6","2024-11-21","12:46:32","8","100","CTD","59.581766","-151.387899"
"S2024-11","2024","11","AlongBay_6","AlongBay","6","2024-11-21","12:51:56","9","100","CTD","59.581766","-151.387899"
"S2024-11","2024","11","AlongBay_5","AlongBay","5","2024-11-21","13:04:24","10","173","CTD","59.562418","-151.463193"
"S2024-11","2024","11","AlongBay_4","AlongBay","4","2024-11-21","13:18:08","11","154","CTD","59.551898","-151.529822"
"S2024-11","2024","11","AlongBay_3","AlongBay","3","2024-11-21","13:37:53","12","106","CTD","59.527923","-151.646504"
"S2024-11","2024","11","9_1","9","1","2024-11-21","14:33:56","14","55","CTD","59.570091","-151.357150"
"S2024-11","2024","11","9_2","9","2","2024-11-21","14:39:28","15","77","CTD","59.571932","-151.362909"
"S2024-11","2024","11","9_3","9","3","2024-11-21","14:45:43","16","94","CTD","59.574713","-151.369273"
"S2024-11","2024","11","9_4","9","4","2024-11-21","14:52:27","17","94","CTD","59.577345","-151.374712"
"S2024-11","2024","11","9_5","9","5","2024-11-21","14:59:26","18","98","CTD","59.580142","-151.380564"
"S2024-11","2024","11","9_6","9","6","2024-11-21","15:06:33","","101","CTD","59.583138","-151.386077"
"S2024-11","2024","11","9_7","9","7","2024-11-21","15:13:23","19","100","CTD","59.586193","-151.389677"
"S2024-11","2024","11","9_8","9","8","2024-11-21","15:20:25","20","92","CTD","59.589836","-151.395403"
"S2024-11","2024","11","9_9","9","9","2024-11-21","15:26:29","21","80","CTD","59.592749","-151.399831"
"S2024-11","2024","11","9_10","9","10","2024-11-21","15:32:52","22","59","CTD","59.596852","-151.404119"
"S2024-11","2024","11","AlongBay_12","AlongBay","12","2024-11-21","11:47:00","2","","CTD","",""
"S2024-11","2024","11","AlongBay_2","AlongBay","2","2024-11-21","13:55:00","13","","CTD","",""
"S2024-12","2024","12","AlongBay_2","AlongBay","2","2024-12-18","10:58:27","1","120","CTD","59.517999","-151.728107"
"S2024-12","2024","12","AlongBay_3","AlongBay","3","2024-12-18","11:16:00","2","107","CTD","59.524966","-151.649953"
"S2024-12","2024","12","AlongBay_4","AlongBay","4","2024-12-18","11:40:28","3","155","CTD","59.552157","-151.529822"
"S2024-12","2024","12","AlongBay_5","AlongBay","5","2024-12-18","11:57:28","4","170","CTD","59.563141","-151.459905"
"S2024-12","2024","12","AlongBay_6","AlongBay","6","2024-12-18","12:23:42","5","101","CTD","59.582502","-151.384330"
"S2024-12","2024","12","AlongBay_7","AlongBay","7","2024-12-18","12:38:44","6","146","CTD","59.591949","-151.349826"
"S2024-12","2024","12","AlongBay_8","AlongBay","8","2024-12-18","12:54:06","7","81","CTD","59.613117","-151.294817"
"S2024-12","2024","12","AlongBay_9","AlongBay","9","2024-12-18","13:06:14","8","68","CTD","59.632123","-151.249887"
"S2024-12","2024","12","AlongBay_10","AlongBay","10","2024-12-18","13:18:10","9","65","CTD","59.658364","-151.208534"
"S2024-12","2024","12","9_1","9","1","2024-12-18","14:02:32","11","62","CTD","59.570004","-151.357303"
"S2024-12","2024","12","9_2","9","2","2024-12-18","14:08:46","12","77","CTD","59.571664","-151.362335"
"S2024-12","2024","12","9_3","9","3","2024-12-18","14:15:45","13","95","CTD","59.574468","-151.369116"
"S2024-12","2024","12","9_4","9","4","2024-12-18","14:25:11","14","96","CTD","59.576397","-151.374080"
"S2024-12","2024","12","9_5","9","5","2024-12-18","14:30:58","15","99","CTD","59.579359","-151.379811"
"S2024-12","2024","12","9_6","9","6","2024-12-18","14:38:10","16","103","CTD","59.582435","-151.385226"
"S2024-12","2024","12","9_7","9","7","2024-12-18","14:46:43","17","109","CTD","59.585776","-151.390120"
"S2024-12","2024","12","9_8","9","8","2024-12-18","14:53:42","18","96","CTD","59.589083","-151.394418"
"S2024-12","2024","12","9_9","9","9","2024-12-18","15:01:08","19","82","CTD","59.592684","-151.399652"
"S2024-12","2024","12","9_10","9","10","2024-12-18","15:08:18","20","64","CTD","59.596083","-151.404143"
"S2024-12","2024","12","AlongBay_11","AlongBay","11","2024-12-18","13:34:00","10","","CTD","",""
"S2025-01","2025","1","AlongBay_13","AlongBay","13","2025-01-14","10:59:54","1","26","CTD","59.742108","-151.056857"
"S2025-01","2025","1","AlongBay_13","AlongBay","13","2025-01-14","11:02:00","2","26","CTD","59.742108","-151.056857"
"S2025-01","2025","1","AlongBay_12","AlongBay","12","2025-01-14","11:11:56","3","78","CTD","59.712121","-151.115254"
"S2025-01","2025","1","AlongBay_11","AlongBay","11","2025-01-14","11:23:08","4","56","CTD","59.687319","-151.164436"
"S2025-01","2025","1","AlongBay_10","AlongBay","10","2025-01-14","11:32:57","5","64","CTD","59.658833","-151.207541"
"S2025-01","2025","1","AlongBay_10","AlongBay","10","2025-01-14","11:43:39","","0","Phytoplankton","59.658833","-151.207541"
"S2025-01","2025","1","AlongBay_10","AlongBay","10","2025-01-14","11:40:00","","20","Chlorophyll","59.658833","-151.207541"
"S2025-01","2025","1","AlongBay_9","AlongBay","9","2025-01-14","11:50:00","6","68","CTD","59.632476","-151.249632"
"S2025-01","2025","1","AlongBay_8","AlongBay","8","2025-01-14","12:02:43","7","82","CTD","59.632141","-151.250564"
"S2025-01","2025","1","AlongBay_7","AlongBay","7","2025-01-14","12:14:40","8","147","CTD","59.592227","-151.349070"
"S2025-01","2025","1","AlongBay_6","AlongBay","6","2025-01-14","12:30:15","9","103","CTD","59.582814","-151.384339"
"S2025-01","2025","1","AlongBay_6","AlongBay","6","2025-01-14","12:38:30","","20","Chlorophyll","59.582814","-151.384339"
"S2025-01","2025","1","AlongBay_6","AlongBay","6","2025-01-14","12:38:49","","0","Phytoplankton","59.582814","-151.384339"
"S2025-01","2025","1","AlongBay_5","AlongBay","5","2025-01-14","12:49:52","10","","CTD","59.563349","-151.458763"
"S2025-01","2025","1","AlongBay_4","AlongBay","4","2025-01-14","13:05:00","11","160","CTD","59.553128","-151.527939"
"S2025-01","2025","1","AlongBay_3","AlongBay","3","2025-01-14","13:26:00","12","111","CTD","59.525926","-151.648462"
"S2025-01","2025","1","AlongBay_3","AlongBay","3","2025-01-14","13:32:18","","0","Phytoplankton","59.525926","-151.648462"
"S2025-01","2025","1","AlongBay_3","AlongBay","3","2025-01-14","13:32:00","","20","Chlorophyll","59.525926","-151.648462"
"S2025-01","2025","1","AlongBay_2","AlongBay","2","2025-01-14","13:45:12","13","125","CTD","59.518323","-151.726270"
"S2025-01","2025","1","9_1","9","1","2025-01-14","14:20:24","14","59","CTD","59.570070","-151.357290"
"S2025-01","2025","1","9_2","9","2","2025-01-14","14:25:42","15","78","CTD","59.571608","-151.362636"
"S2025-01","2025","1","9_3","9","3","2025-01-14","14:30:24","16","97","CTD","59.574746","-151.368911"
"S2025-01","2025","1","9_4","9","4","2025-01-14","14:38:23","17","98","CTD","59.576691","-151.373356"
"S2025-01","2025","1","9_5","9","5","2025-01-14","14:46:58","18","100","CTD","59.579283","-151.379722"
"S2025-01","2025","1","9_6","9","6","2025-01-14","14:53:49","19","100","CTD","59.582673","-151.385366"
"S2025-01","2025","1","9_7","9","7","2025-01-14","15:01:12","20","104","CTD","59.586026","-151.389766"
"S2025-01","2025","1","9_8","9","8","2025-01-14","15:08:50","21","96","CTD","59.589372","-151.394774"
"S2025-01","2025","1","9_9","9","9","2025-01-14","15:15:55","22","84","CTD","59.592586","-151.399516"
"S2025-01","2025","1","9_10","9","10","2025-01-14","15:22:24","23","65","CTD","59.595866","-151.404200"
"S2025-02","2025","2","AlongBay_13","AlongBay","13","2025-02-12","10:29:48","2","27","CTD","59.741671","-151.058156"
"S2025-02","2025","2","AlongBay_12","AlongBay","12","2025-02-12","10:41:30","3","78","CTD","59.711622","-151.116361"
"S2025-02","2025","2","AlongBay_11","AlongBay","11","2025-02-12","10:53:21","4","55","CTD","59.687235","-151.163832"
"S2025-02","2025","2","AlongBay_10","AlongBay","10","2025-02-12","11:03:48","5","63","CTD","59.659114","-151.207787"
"S2025-02","2025","2","AlongBay_9","AlongBay","9","2025-02-12","11:24:40","6","68","CTD","59.631997","-151.249751"
"S2025-02","2025","2","AlongBay_8","AlongBay","8","2025-02-12","11:36:05","7","82","CTD","59.613541","-151.293252"
"S2025-02","2025","2","AlongBay_7","AlongBay","7","2025-02-12","11:48:10","8","147","CTD","59.591423","-151.351695"
"S2025-02","2025","2","AlongBay_6","AlongBay","6","2025-02-12","12:00:45","9","103","CTD","59.581821","-151.387168"
"S2025-02","2025","2","AlongBay_5","AlongBay","5","2025-02-12","12:19:39","10","172","CTD","59.563825","-151.458197"
"S2025-02","2025","2","AlongBay_4","AlongBay","4","2025-02-12","12:55:45","11","159","CTD","59.552281","-151.528991"
"S2025-02","2025","2","AlongBay_3","AlongBay","3","2025-02-12","13:15:07","12","112","CTD","59.525287","-151.649397"
"S2025-02","2025","2","4_1","4","1","2025-02-12","13:34:39","13","21","CTD","59.491240","-151.649425"
"S2025-02","2025","2","4_2","4","2","2025-02-12","13:42:11","14","104","CTD","59.507958","-151.649261"
"S2025-02","2025","2","4_3","4","3","2025-02-12","13:51:56","15","112","CTD","59.525596","-151.648855"
"S2025-02","2025","2","4_4","4","4","2025-02-12","14:02:15","16","92","CTD","59.541663","-151.649146"
"S2025-02","2025","2","4_5","4","5","2025-02-12","14:12:14","17","82","CTD","59.558593","-151.648941"
"S2025-02","2025","2","4_6","4","6","2025-02-12","14:21:02","18","66","CTD","59.574960","-151.649644"
"S2025-02","2025","2","4_7","4","7","2025-02-12","14:29:26","19","39","CTD","59.592213","-151.649908"
"S2025-02","2025","2","4_8","4","8","2025-02-12","14:36:11","20","32","CTD","59.608045","-151.649254"
"S2025-02","2025","2","4_9","4","9","2025-02-12","14:43:13","21","30","CTD","59.625448","-151.649962"
"S2025-02","2025","2","4_10","4","10","2025-02-12","14:48:24","22","21","CTD","59.633247","-151.650184"
"S2025-02","2025","2","9_1","9","1","2025-02-12","15:17:34","23","60","CTD","59.570393","-151.356811"
"S2025-02","2025","2","9_2","9","2","2025-02-12","15:24:01","24","84","CTD","59.572217","-151.364944"
"S2025-02","2025","2","9_3","9","3","2025-02-12","15:31:43","25","97","CTD","59.574548","-151.369170"
"S2025-02","2025","2","9_4","9","4","2025-02-12","15:39:21","26","98","CTD","59.577010","-151.373942"
"S2025-02","2025","2","9_5","9","5","2025-02-12","15:47:06","27","100","CTD","59.579737","-151.379878"
"S2025-02","2025","2","9_6","9","6","2025-02-12","15:55:34","28","104","CTD","59.583099","-151.385637"
"S2025-02","2025","2","9_7","9","7","2025-02-12","16:03:33","29","103","CTD","59.586497","-151.389755"
"S2025-02","2025","2","9_8","9","8","2025-02-12","16:13:36","30","96","CTD","59.588933","-151.394773"
"S2025-02","2025","2","9_9","9","9","2025-02-12","16:21:57","31","81","CTD","59.592959","-151.399809"
"S2025-02","2025","2","9_10","9","10","2025-02-12","16:28:50","32","62","CTD","59.596472","-151.404077"
"S2025-02","2025","2","6_3","6","3","2025-02-13","11:33:58","33","108","CTD","59.196284","-151.988669"
"S2025-02","2025","2","6_3","6","3","2025-02-13","11:35:00","","0","Phytoplankton","59.196284","-151.988669"
"S2025-02","2025","2","6_3","6","3","2025-02-13","11:25:00","","20","Chlorophyll","59.196284","-151.988669"
"S2025-02","2025","2","7_22","7","22","2025-02-13","12:21:53","34","73","CTD","59.313983","-152.064726"
"S2025-02","2025","2","AlongBay_PGRM","AlongBay","PGRM","2025-02-13","12:46:19","35","68","CTD","59.392007","-152.038787"
"S2025-02","2025","2","AlongBay_POGI","AlongBay","POGI","2025-02-13","13:05:33","36","98","CTD","59.445233","-151.999154"
"S2025-02","2025","2","AlongBay_1","AlongBay","1","2025-02-13","13:30:16","37","75","CTD","59.499272","-151.886461"
"S2025-02","2025","2","AlongBay_2","AlongBay","2","2025-02-13","13:55:24","38","125","CTD","59.518360","-151.730062"
"S2025-02","2025","2","AlongBay_3","AlongBay","3","2025-02-13","14:11:24","39","112","CTD","59.526003","-151.649030"
"S2025-02","2025","2","AlongBay_4","AlongBay","4","2025-02-13","14:30:18","40","159","CTD","59.552094","-151.531551"
"S2025-02","2025","2","AlongBay_05","AlongBay","05","2025-02-13","14:45:27","41","175","CTD","59.563035","-151.460352"
"S2025-02","2025","2","AlongBay_6","AlongBay","6","2025-02-13","15:04:37","42","104","CTD","59.582879","-151.383731"
"S2025-03","2025","3","AlongBay_1","AlongBay","1","2025-03-19","10:33:56","43","72","CTD","59.499505","-151.888502"
"S2025-03","2025","3","AlongBay_2","AlongBay","2","2025-03-19","10:54:09","44","120","CTD","59.518151","-151.727776"
"S2025-03","2025","3","AlongBay_3","AlongBay","3","2025-03-19","11:12:09","45","107","CTD","59.524866","-151.649848"
"S2025-03","2025","3","AlongBay_3","AlongBay","3","2025-03-19","11:15:00","","20","Water","59.524866","-151.649848"
"S2025-03","2025","3","AlongBay_4","AlongBay","4","2025-03-19","11:40:41","46","154","CTD","59.551996","-151.529426"
"S2025-03","2025","3","AlongBay_4","AlongBay","4","2025-03-19","11:50:00","","120","Zooplankton","59.551996","-151.529426"
"S2025-03","2025","3","AlongBay_5","AlongBay","5","2025-03-19","12:09:14","47","171","CTD","59.563087","-151.460172"
"S2025-03","2025","3","AlongBay_6","AlongBay","6","2025-03-19","12:25:39","48","99.5","CTD","59.582495","-151.384878"
"S2025-03","2025","3","AlongBay_6","AlongBay","6","2025-03-19","12:35:00","","20","Water","59.582495","-151.384878"
"S2025-03","2025","3","AlongBay_7","AlongBay","7","2025-03-19","12:42:53","49","144","CTD","59.592290","-151.349525"
"S2025-03","2025","3","AlongBay_8","AlongBay","8","2025-03-19","12:55:47","50","79","CTD","59.612561","-151.296504"
"S2025-03","2025","3","AlongBay_9","AlongBay","9","2025-03-19","13:06:08","51","66","CTD","59.632273","-151.249796"
"S2025-03","2025","3","AlongBay_10","AlongBay","10","2025-03-19","13:16:28","52","62","CTD","59.658601","-151.208149"
"S2025-03","2025","3","AlongBay_11","AlongBay","11","2025-03-19","13:31:19","53","54","CTD","59.687078","-151.165189"
"S2025-03","2025","3","AlongBay_12","AlongBay","12","2025-03-19","13:41:31","54","77","CTD","59.711773","-151.116345"
"S2025-03","2025","3","AlongBay_13","AlongBay","13","2025-03-19","13:53:35","55","25","CTD","59.741936","-151.057146"
"S2025-03","2025","3","9_1","9","1","2025-03-19","14:33:05","56","54","CTD","59.570421","-151.356106"
"S2025-03","2025","3","9_2","9","2","2025-03-19","14:38:08","57","75","CTD","59.571648","-151.362429"
"S2025-03","2025","3","9_3","9","3","2025-03-19","14:45:27","58","93","CTD","59.574451","-151.368891"
"S2025-03","2025","3","9_4","9","4","2025-03-19","14:52:39","59","95","CTD","59.576602","-151.373627"
"S2025-03","2025","3","9_4","9","4","2025-03-19","14:56:00","","55","Zooplankton","59.576602","-151.373627"
"S2025-03","2025","3","9_5","9","5","2025-03-19","15:05:41","60","97","CTD","59.579464","-151.379937"
"S2025-03","2025","3","9_5","9","5","2025-03-19","15:05:00","","97","Zooplankton ","59.579464","-151.379937"
"S2025-03","2025","3","9_6","9","6","2025-03-19","15:16:32","61","101","CTD","59.582516","-151.385195"
"S2025-03","2025","3","9_7","9","7","2025-03-19","15:24:41","62","101","CTD","59.585836","-151.389877"
"S2025-03","2025","3","9_8","9","8","2025-03-19","15:32:58","63","94","CTD","59.589290","-151.394389"
"S2025-03","2025","3","9_9","9","9","2025-03-19","15:40:08","64","82","CTD","59.592496","-151.399508"
"S2025-03","2025","3","9_10","9","10","2025-03-19","15:47:03","65","63","CTD","59.596049","-151.403592"
"S2025-04","2025","4","4_10","4","10","2025-04-15","14:39:18","66","20","CTD","59.633162","-151.649978"
"S2025-04","2025","4","4_9","4","9","2025-04-15","14:47:13","67","28","CTD","59.624929","-151.649692"
"S2025-04","2025","4","4_8","4","8","2025-04-15","14:55:25","68","30","CTD","59.608763","-151.649662"
"S2025-04","2025","4","4_7","4","7","2025-04-15","15:03:18","69","37","CTD","59.591761","-151.649759"
"S2025-04","2025","4","4_6","4","6","2025-04-15","15:12:01","70","64","CTD","59.574992","-151.650022"
"S2025-04","2025","4","4_5","4","5","2025-04-15","15:22:41","71","81","CTD","59.558394","-151.650167"
"S2025-04","2025","4","4_4","4","4","2025-04-15","15:31:31","72","90","CTD","59.541670","-151.649885"
"S2025-04","2025","4","4_3","4","3","2025-04-15","15:41:45","73","111","CTD","59.525068","-151.649925"
"S2025-04","2025","4","4_2","4","2","2025-04-15","15:53:12","74","104","CTD","59.508372","-151.649731"
"S2025-04","2025","4","4_1","4","1","2025-04-15","16:04:35","75","21","CTD","59.491776","-151.649665"
"S2025-04","2025","4","9_1","9","1","2025-04-15","16:36:21","76","67","CTD","59.570212","-151.357357"
"S2025-04","2025","4","9_2","9","2","2025-04-15","16:42:27","77","","CTD","59.571794","-151.362585"
"S2025-04","2025","4","9_3","9","3","2025-04-15","16:49:45","78","95","CTD","59.574240","-151.368554"
"S2025-04","2025","4","9_4","9","4","2025-04-15","16:57:50","79","97","CTD","59.576475","-151.373277"
"S2025-04","2025","4","9_5","9","5","2025-04-15","17:07:11","80","99","CTD","59.579206","-151.379671"
"S2025-04","2025","4","9_6","9","6","2025-04-15","17:15:12","81","103","CTD","59.582319","-151.385165"
"S2025-04","2025","4","9_7","9","7","2025-04-15","17:24:16","82","103","CTD","59.585853","-151.389674"
"S2025-04","2025","4","9_8","9","8","2025-04-15","17:32:07","83","96","CTD","59.589098","-151.394523"
"S2025-04","2025","4","9_9","9","9","2025-04-15","17:41:18","84","82","CTD","59.592596","-151.399850"
"S2025-04","2025","4","9_10","9","10","2025-04-15","17:48:45","85","63","CTD","59.596194","-151.404563"
"S2025-04","2025","4","6_3","6","3","2025-04-22","12:11:24","86","105","CTD","59.196937","-151.979407"
"S2025-04","2025","4","7_22","7","22","2025-04-22","12:36:17","87","75","CTD","59.309778","-152.064772"
,,,,,,,"12:54:36","","","CTD",,
"S2025-04","2025","4","AlongBay_PGRM","AlongBay","PGRM","2025-04-22","12:56:17","88","68","CTD","59.391318","-152.043494"
"S2025-04","2025","4","AlongBay_POGI","AlongBay","POGI","2025-04-22","13:14:50","89","103","CTD","59.449738","-151.999839"
"S2025-04","2025","4","AlongBay_1","AlongBay","1","2025-04-22","13:43:32","90","72","CTD","59.499913","-151.888022"
"S2025-04","2025","4","AlongBay_2","AlongBay","2","2025-04-22","14:01:56","91","122","CTD","59.517990","-151.728973"
"S2025-04","2025","4","AlongBay_POGI","AlongBay","POGI","2025-04-22","","","0","Phytoplankton","59.449738","-151.999839"
"S2025-04","2025","4","AlongBay_POGI","AlongBay","POGI","2025-04-22","","","20","Chlorophyll","59.449738","-151.999839"
"S2025-04","2025","4","AlongBay_3","AlongBay","3","2025-04-22","14:18:29","92","","CTD","59.525029","-151.648893"
"S2025-04","2025","4","AlongBay_3","AlongBay","3","2025-04-22","14:24:11","","0","Phytoplankton","59.525029","-151.648893"
"S2025-04","2025","4","AlongBay_3","AlongBay","3","2025-04-22","14:24:27","","20","Chlorophyll","59.525029","-151.648893"
"S2025-04","2025","4","AlongBay_4","AlongBay","4","2025-04-22","14:34:57","93","155","CTD","59.552226","-151.530147"
"S2025-04","2025","4","AlongBay_5","AlongBay","5","2025-04-22","14:49:00","94","172","CTD","59.562887","-151.460983"
"S2025-04","2025","4","AlongBay_5","AlongBay","5","2025-04-22","14:50:00","","150","Zooplankton","59.562887","-151.460983"
"S2025-04","2025","4","AlongBay_6","AlongBay","6","2025-04-22","15:09:36","95","100","CTD","59.582335","-151.384383"
"S2025-04","2025","4","AlongBay_6","AlongBay","6","2025-04-22","","","0","Phytoplankton","59.582335","-151.384383"
"S2025-04","2025","4","AlongBay_6","AlongBay","6","2025-04-22","15:17:54","","20","Chlorophyll","59.582335","-151.384383"
"S2025-04","2025","4","AlongBay_7","AlongBay","7","2025-04-22","15:23:26","96","144","CTD","59.591945","-151.349914"
"S2025-04","2025","4","AlongBay_7","AlongBay","7","2025-04-22","15:31:45","","140","Zooplankton ","59.591945","-151.349914"
"S2025-04","2025","4","AlongBay_8","AlongBay","8","2025-04-22","15:38:15","97","79","CTD","59.612863","-151.295660"
"S2025-04","2025","4","AlongBay_9","AlongBay","9","2025-04-22","15:49:47","98","66","CTD","59.631834","-151.250189"
"S2025-04","2025","4","AlongBay_10","AlongBay","10","2025-04-22","15:59:50","99","61","CTD","59.658064","-151.208564"
"S2025-04","2025","4","AlongBay_10","AlongBay","10","2025-04-22","16:00:33","","20","Chlorophyll","59.658064","-151.208564"
"S2025-04","2025","4","AlongBay_10","AlongBay","10","2025-04-22","16:06:44","","0","Phytoplankton","59.658064","-151.208564"
"S2025-04","2025","4","AlongBay_11","AlongBay","11","2025-04-22","16:13:15","100","53","CTD","59.686724","-151.165406"
"S2025-04","2025","4","AlongBay_12","AlongBay","12","2025-04-22","16:23:42","101","75","CTD","59.711859","-151.116558"
"S2025-04","2025","4","AlongBay_13","AlongBay","13","2025-04-22","16:35:49","102","24","CTD","59.742026","-151.056811"
"S2025-05","2025","5","AlongBay_1","AlongBay","1","2025-05-16","11:15:48","1","69","CTD","59.499471","-151.888466"
"S2025-05","2025","5","AlongBay_2","AlongBay","2","2025-05-16","11:34:34","2","119","CTD","59.517853","-151.728519"
"S2025-05","2025","5","AlongBay_3","AlongBay","3","2025-05-16","11:48:47","3","","CTD","59.525012","-151.650113"
"S2025-05","2025","5","AlongBay_4","AlongBay","4","2025-05-16","12:11:30","4","152","CTD","59.551824","-151.531229"
"S2025-05","2025","5","AlongBay_5","AlongBay","5","2025-05-16","12:28:29","5","169","CTD","59.563089","-151.460135"
"S2025-05","2025","5","AlongBay_6","AlongBay","6","2025-05-16","12:48:17","6","98","CTD","59.581427","-151.384410"
"S2025-05","2025","5","AlongBay_6","AlongBay","6","2025-05-16","12:50:00","","0","Phytoplankton","59.581427","-151.384410"
"S2025-05","2025","5","AlongBay_6","AlongBay","6","2025-05-16","12:52:00","","20","Chlorophyll","59.581427","-151.384410"
"S2025-05","2025","5","AlongBay_7","AlongBay","7","2025-05-16","13:01:30","7","144","CTD","59.591780","-151.349726"
"S2025-05","2025","5","AlongBay_8","AlongBay","8","2025-05-16","13:13:39","8","78","CTD","59.612919","-151.295353"
"S2025-05","2025","5","AlongBay_9","AlongBay","9","2025-05-16","13:24:16","9","65","CTD","59.631709","-151.250352"
"S2025-05","2025","5","AlongBay_10","AlongBay","10","2025-05-16","13:35:50","10","","CTD","59.658340","-151.208514"
"S2025-05","2025","5","AlongBay_10","AlongBay","10","2025-05-16","13:45:00","","20","Chlorophyll","59.658340","-151.208514"
"S2025-05","2025","5","AlongBay_10","AlongBay","10","2025-05-16","13:45:34","","0","Phytoplankton","59.658340","-151.208514"
"S2025-05","2025","5","AlongBay_11","AlongBay","11","2025-05-16","13:54:29","11","54","CTD","59.686925","-151.164756"
"S2025-05","2025","5","AlongBay_12","AlongBay","12","2025-05-16","14:03:31","12","76","CTD","59.711982","-151.116213"
"S2025-05","2025","5","AlongBay_13","AlongBay","13","2025-05-16","14:15:31","13","26","CTD","59.741944","-151.057512"
"S2025-05","2025","5","9_1","9","1","2025-05-16","15:01:56","14","49","CTD","59.570003","-151.356879"
"S2025-05","2025","5","9_2","9","2","2025-05-16","15:08:11","15","75","CTD","59.571715","-151.362357"
"S2025-05","2025","5","9_3","9","3","2025-05-16","15:15:03","16","94","CTD","59.574450","-151.368708"
"S2025-05","2025","5","9_4","9","4","2025-05-16","15:22:39","17","","CTD","59.576478","-151.373340"
"S2025-05","2025","5","9_5","9","5","2025-05-16","15:29:57","18","97","CTD","59.579272","-151.379439"
"S2025-05","2025","5","9_6","9","6","2025-05-16","15:38:21","19","101","CTD","59.582449","-151.384553"
"S2025-05","2025","5","9_6","9","6","2025-05-16","15:43:00","","70","Zooplankton ","59.582449","-151.384553"
"S2025-05","2025","5","9_7","9","7","2025-05-16","15:54:34","20","101","CTD","59.585780","-151.389241"
"S2025-05","2025","5","9_8","9","8","2025-05-16","16:02:07","21","95","CTD","59.589263","-151.393844"
"S2025-05","2025","5","9_9","9","9","2025-05-16","16:10:08","22","84","CTD","59.592671","-151.398535"
"S2025-05","2025","5","9_10","9","10","2025-05-16","16:16:41","23","","CTD","59.596200","-151.403907"
"S2025-06","2025","6","AlongBay_2","AlongBay","2","2025-06-12","10:49:23","1","","CTD","59.518019","-151.727753"
"S2025-06","2025","6","AlongBay_3","AlongBay","3","2025-06-12","11:07:38","2","105","CTD","59.525026","-151.650028"
"S2025-06","2025","6","AlongBay_3","AlongBay","3","2025-06-12","11:15:00","","20","Chlorophyll","59.525026","-151.650028"
"S2025-06","2025","6","AlongBay_3","AlongBay","3","2025-06-12","11:17:00","","0","Phytoplankton","59.525026","-151.650028"
"S2025-06","2025","6","AlongBay_4","AlongBay","4","2025-06-12","11:32:09","3","152","CTD","59.551876","-151.530687"
"S2025-06","2025","6","AlongBay_5","AlongBay","5","2025-06-12","11:47:56","4","170","CTD","59.563143","-151.460107"
"S2025-06","2025","6","AlongBay_6","AlongBay","6","2025-06-12","12:18:06","5","98","CTD","59.581939","-151.382345"
"S2025-06","2025","6","AlongBay_6","AlongBay","6","2025-06-12","12:23:58","","0","Phytoplankton","59.581939","-151.382345"
"S2025-06","2025","6","AlongBay_6","AlongBay","6","2025-06-12","12:20:00","","20","Chlorophyll","59.581939","-151.382345"
"S2025-06","2025","6","AlongBay_7","AlongBay","7","2025-06-12","12:27:59","6","144","CTD","59.592023","-151.349774"
"S2025-06","2025","6","AlongBay_8","AlongBay","8","2025-06-12","12:42:44","7","79","CTD","59.612949","-151.295244"
"S2025-06","2025","6","AlongBay_9","AlongBay","9","2025-06-12","12:54:07","8","","CTD","59.631938","-151.249989"
"S2025-06","2025","6","AlongBay_10","AlongBay","10","2025-06-12","13:12:13","9","61","CTD","59.658818","-151.205031"
"S2025-06","2025","6","AlongBay_11","AlongBay","11","2025-06-12","13:20:01","10","54","CTD","59.687041","-151.165298"
"S2025-06","2025","6","AlongBay_12","AlongBay","12","2025-06-12","13:30:29","11","77","CTD","59.711874","-151.116067"
"S2025-06","2025","6","AlongBay_13","AlongBay","13","2025-06-12","13:43:28","12","26","CTD","59.741803","-151.057457"
"S2025-06","2025","6","9_1","9","1","2025-06-12","14:35:00","13","55","CTD","59.570265","-151.357141"
"S2025-06","2025","6","9_2","9","2","2025-06-12","14:41:28","14","77","CTD","59.571790","-151.362813"
"S2025-06","2025","6","9_3","9","3","2025-06-12","14:49:11","15","93","CTD","59.574303","-151.368765"
"S2025-06","2025","6","9_4","9","4","2025-06-12","14:56:48","16","96","CTD","59.576259","-151.373532"
"S2025-06","2025","6","9_5","9","5","2025-06-12","15:11:02","17","96","CTD","59.579102","-151.378122"
"S2025-06","2025","6","9_6","9","6","2025-06-12","15:13:48","18","102","CTD","59.578992","-151.378082"
"S2025-06","2025","6","9_7","9","7","2025-06-12","15:22:39","20","102","CTD","59.585921","-151.389951"
"S2025-06","2025","6","9_8","9","8","2025-06-12","15:30:57","21","95","CTD","59.589257","-151.394970"
"S2025-06","2025","6","9_9","9","9","2025-06-12","15:39:37","22","82","CTD","59.592611","-151.399776"
"S2025-06","2025","6","9_10","9","10","2025-06-12","15:46:56","23","65","CTD","59.596041","-151.403595"
"S2025-07","2025","7","9_6","9","6","2025-07-22","09:21:34","","2","Zooplankton","60.626678","-150.400085"
"S2025-07","2025","7","R_1","R","1","2025-07-22","09:27:17","","25","Zooplankton","60.626678","-150.400085"
"S2025-07","2025","7","4_1","4","1","2025-07-25","09:56:44","1","16","CTD","59.492698","-151.649271"
"S2025-07","2025","7","4_2","4","2","2025-07-25","10:07:39","2","97","CTD","59.508426","-151.649786"
"S2025-07","2025","7","4_3","4","3","2025-07-25","10:23:11","3","104","CTD","59.525517","-151.648511"
"S2025-07","2025","7","4_4","4","4","2025-07-25","10:34:59","4","84","CTD","59.541683","-151.650170"
"S2025-07","2025","7","4_5","4","5","2025-07-25","10:47:05","5","75","CTD","59.558131","-151.650244"
"S2025-07","2025","7","4_6","4","6","2025-07-25","10:57:42","6","59","CTD","59.575001","-151.649274"
"S2025-07","2025","7","4_7","4","7","2025-07-25","11:06:58","7","32","CTD","59.591610","-151.649898"
"S2025-07","2025","7","4_8","4","8","2025-07-25","11:14:35","8","26","CTD","59.608157","-151.650055"
"S2025-07","2025","7","4_9","4","9","2025-07-25","11:21:50","9","24","CTD","59.625090","-151.650403"
"S2025-07","2025","7","4_10","4","10","2025-07-25","11:26:47","10","15","CTD","59.624956","-151.650191"
"S2025-07","2025","7","9_1","9","1","2025-07-25","11:58:16","11","43","CTD","59.569999","-151.357633"
"S2025-07","2025","7","9_2","9","2","2025-07-25","12:05:22","12","72","CTD","59.571682","-151.362781"
"S2025-07","2025","7","9_3","9","3","2025-07-25","12:14:02","13","92","CTD","59.574520","-151.368389"
"S2025-07","2025","7","9_4","9","4","2025-07-25","12:22:39","14","93","CTD","59.576696","-151.372981"
"S2025-07","2025","7","9_5","9","5","2025-07-25","12:33:08","15","95","CTD","59.579456","-151.379795"
"S2025-07","2025","7","9_6","9","6","2025-07-25","12:41:47","16","99","CTD","59.582478","-151.385068"
"S2025-07","2025","7","9_6","9","6","2025-07-25","12:50:00","","80","Zooplankton","59.582478","-151.385068"
"S2025-07","2025","7","9_7","9","7","2025-07-25","13:06:32","17","99","CTD","59.586189","-151.389161"
"S2025-07","2025","7","9_7","9","7","2025-07-25","13:00:00","","0","Phytoplankton","59.586189","-151.389161"
"S2025-07","2025","7","9_8","9","8","2025-07-25","13:14:40","18","93","CTD","59.589330","-151.393924"
"S2025-07","2025","7","9_9","9","9","2025-07-25","13:23:31","19","82","CTD","59.592576","-151.398719"
"S2025-07","2025","7","9_10","9","10","2025-07-25","13:31:32","20","65","CTD","59.595933","-151.403445"
"S2025-07","2025","7","6_2","6","2","2025-07-29","10:29:00","1","100","CTD","59.197072","-151.979711"
"S2025-07","2025","7","6_2","6","2","2025-07-29","10:46:14","","0","Phytoplankton","59.197072","-151.979711"
"S2025-07","2025","7","6_2","6","2","2025-07-29","10:40:00","","20","Chlorophyll","59.197072","-151.979711"
"S2025-07","2025","7","7_22","7","22","2025-07-29","11:09:19","2","74","CTD","59.308351","-152.066416"
"S2025-07","2025","7","AlongBay_PGRM","AlongBay","PGRM","2025-07-29","11:35:59","3","66","CTD","59.390590","-152.044368"
"S2025-07","2025","7","AlongBay_POGI","AlongBay","POGI","2025-07-29","11:53:15","4","100","CTD","59.450318","-152.000781"
"S2025-07","2025","7","AlongBay_1","AlongBay","1","2025-07-29","12:13:00","5","69","CTD","59.500106","-151.888175"
"S2025-07","2025","7","AlongBay_2","AlongBay","2","2025-07-29","12:31:18","6","127","CTD","59.518099","-151.727902"
"S2025-07","2025","7","AlongBay_3","AlongBay","3","2025-07-29","12:48:00","7","105","CTD","59.526866","-151.645967"
"S2025-07","2025","7","AlongBay_3","AlongBay","3","2025-07-29","12:52:00","","0","Phytoplankton","59.526866","-151.645967"
"S2025-07","2025","7","AlongBay_3","AlongBay","3","2025-07-29","12:50:00","","20","Chlorophyll","59.526866","-151.645967"
"S2025-07","2025","7","AlongBay_4","AlongBay","4","2025-07-29","13:07:52","8","150","CTD","59.551830","-151.530912"
"S2025-07","2025","7","AlongBay_4","AlongBay","4","2025-07-29","13:22:05","","90","Zooplankton","59.551830","-151.530912"
"S2025-07","2025","7","AlongBay_5","AlongBay","5","2025-07-29","13:44:17","9","170","CTD","59.562938","-151.460917"
"S2025-07","2025","7","AlongBay_6","AlongBay","6","2025-07-29","14:01:20","10","98","CTD","59.582261","-151.385400"
"S2025-07","2025","7","AlongBay_6","AlongBay","6","2025-07-29","14:10:49","","0","Phytoplankton","59.582261","-151.385400"
"S2025-07","2025","7","AlongBay_6","AlongBay","6","2025-07-29","14:10:54","","20","Chlorophyll","59.582261","-151.385400"
"S2025-07","2025","7","AlongBay_7","AlongBay","7","2025-07-29","14:15:37","11","144","CTD","59.591791","-151.350503"
"S2025-07","2025","7","AlongBay_8","AlongBay","8","2025-07-29","14:29:36","12","78","CTD","59.612766","-151.296348"
"S2025-07","2025","7","AlongBay_9","AlongBay","9","2025-07-29","14:39:56","13","66","CTD","59.632054","-151.251275"
"S2025-07","2025","7","AlongBay_10","AlongBay","10","2025-07-29","14:50:00","14","62","CTD","59.661744","-151.201677"
"S2025-07","2025","7","AlongBay_10","AlongBay","10","2025-07-29","14:51:00","","0","Phytoplankton","59.661744","-151.201677"
"S2025-07","2025","7","AlongBay_10","AlongBay","10","2025-07-29","14:49:00","","20","Chlorophyll","59.661744","-151.201677"
"S2025-07","2025","7","AlongBay_11","AlongBay","11","2025-07-29","15:06:19","15","54","CTD","59.687789","-151.164012"
"S2025-07","2025","7","AlongBay_12","AlongBay","12","2025-07-29","15:15:29","16","77","CTD","59.711907","-151.115801"
"S2025-07","2025","7","AlongBay_13","AlongBay","13","2025-07-29","15:26:34","17","26","CTD","59.741998","-151.056922"
"S2025-08","2025","8","AlongBay_1","AlongBay","1","2025-08-14","10:02:13","1","71","CTD","59.497198","-151.894146"
"S2025-08","2025","8","AlongBay_2","AlongBay","2","2025-08-14","10:32:06","2","120","CTD","59.517796","-151.728279"
"S2025-08","2025","8","AlongBay_3","AlongBay","3","2025-08-14","10:48:50","3","","CTD","59.524476","-151.649984"
"S2025-08","2025","8","AlongBay_3","AlongBay","3","2025-08-14","10:50:00","","20","Phytoplankton","59.524476","-151.649984"
"S2025-08","2025","8","AlongBay_3","AlongBay","3","2025-08-14","10:50:00","","20","Chlorophyll","59.524476","-151.649984"
"S2025-08","2025","8","AlongBay_4","AlongBay","4","2025-08-14","11:15:10","4","152","CTD","59.551967","-151.530815"
"S2025-08","2025","8","AlongBay_5","AlongBay","5","2025-08-14","11:32:12","5","","CTD","59.563134","-151.460702"
"S2025-08","2025","8","AlongBay_5","AlongBay","5","2025-08-14","11:51:16","","100","Zooplankton","59.563134","-151.460702"
"S2025-08","2025","8","AlongBay_6","AlongBay","6","2025-08-14","12:10:46","6","97","CTD","59.581806","-151.384490"
"S2025-08","2025","8","AlongBay_6","AlongBay","6","2025-08-14","12:40:00","","20","Phytoplankton","59.581806","-151.384490"
"S2025-08","2025","8","AlongBay_6","AlongBay","6","2025-08-14","12:40:00","","20","Chlorophyll","59.581806","-151.384490"
"S2025-08","2025","8","AlongBay_7","AlongBay","7","2025-08-14","12:40:48","7","142","CTD","59.591535","-151.348149"
"S2025-08","2025","8","AlongBay_8","AlongBay","8","2025-08-14","12:53:44","8","77","CTD","59.612923","-151.295098"
"S2025-08","2025","8","AlongBay_9","AlongBay","9","2025-08-14","13:04:55","9","64","CTD","59.632053","-151.249713"
"S2025-08","2025","8","AlongBay_10","AlongBay","10","2025-08-14","13:18:48","10","","CTD","59.658468","-151.207859"
"S2025-08","2025","8","AlongBay_11","AlongBay","11","2025-08-14","13:45:20","11","53","CTD","59.687201","-151.164706"
"S2025-08","2025","8","AlongBay_12","AlongBay","12","2025-08-14","13:56:08","12","74","CTD","59.712000","-151.116003"
"S2025-08","2025","8","AlongBay_13","AlongBay","13","2025-08-14","14:10:12","13","","CTD","59.742122","-151.057254"
"S2025-08","2025","8","9_10","9","10","2025-08-14","14:50:57","14","63","CTD","59.596488","-151.402343"
"S2025-08","2025","8","9_9","9","9","2025-08-14","14:58:19","15","","CTD","59.589177","-151.394275"
"S2025-08","2025","8","9_8","9","8","2025-08-14","15:04:23","16","93","CTD","59.589146","-151.394024"
"S2025-08","2025","8","9_7","9","7","2025-08-14","15:12:05","17","99","CTD","59.585824","-151.389485"
"S2025-08","2025","8","9_6","9","6","2025-08-14","15:19:55","18","100","CTD","59.582467","-151.384850"
"S2025-08","2025","8","9_5","9","5","2025-08-14","15:27:34","19","96","CTD","59.579299","-151.379291"
"S2025-08","2025","8","9_4","9","4","2025-08-14","15:35:56","20","95","CTD","59.576593","-151.373426"
"S2025-08","2025","8","9_3","9","3","2025-08-14","15:43:10","21","95","CTD","59.574569","-151.368661"
"S2025-08","2025","8","9_2","9","2","2025-08-14","15:50:21","22","76","CTD","59.571836","-151.362282"
"S2025-08","2025","8","9_1","9","1","2025-08-14","15:57:37","23","61","CTD","59.570238","-151.357523"
"S2025-09","2025","9","AlongBay_13","AlongBay","13","2025-09-24","13:59:51","1","27","CTD","59.742010","-151.057280"
"S2025-09","2025","9","AlongBay_12","AlongBay","12","2025-09-24","14:14:33","2","78","CTD","59.712075","-151.115881"
"S2025-09","2025","9","AlongBay_11","AlongBay","11","2025-09-24","14:28:36","3","56","CTD","59.686952","-151.165431"
"S2025-09","2025","9","AlongBay_10","AlongBay","10","2025-09-24","14:38:57","4","65","CTD","59.658229","-151.208042"
"S2025-09","2025","9","AlongBay_10","AlongBay","10","2025-09-24","","","0","Phytoplankton","59.658229","-151.208042"
"S2025-09","2025","9","AlongBay_10","AlongBay","10","2025-09-24","","","20","Chlorophyll","59.658229","-151.208042"
"S2025-09","2025","9","AlongBay_9","AlongBay","9","2025-09-24","15:06:53","5","69","CTD","59.631847","-151.250365"
"S2025-09","2025","9","AlongBay_8","AlongBay","8","2025-09-24","15:16:43","6","82","CTD","59.612577","-151.295215"
"S2025-09","2025","9","AlongBay_7","AlongBay","7","2025-09-24","15:29:30","7","147","CTD","59.591858","-151.350068"
"S2025-09","2025","9","AlongBay_6","AlongBay","6","2025-09-24","15:45:00","8","","CTD","59.579923","-151.392063"
"S2025-09","2025","9","AlongBay_5","AlongBay","5","2025-09-24","16:01:26","9","172","CTD","59.563187","-151.460334"
"S2025-09","2025","9","9_1","9","1","2025-09-24","16:23:40","010","","CTD","59.569956","-151.357969"
"S2025-09","2025","9","9_2","9","2","2025-09-24","16:29:32","11","78","CTD","59.571526","-151.362993"
"S2025-09","2025","9","9_3","9","3","2025-09-24","16:36:10","12","95","CTD","59.574270","-151.369418"
"S2025-09","2025","9","9_4","9","4","2025-09-24","16:43:03","13","97","CTD","59.576433","-151.373709"
"S2025-09","2025","9","9_5","9","5","2025-09-24","16:50:32","","99","noCTD","59.579199","-151.379764"
"S2025-09","2025","9","9_6","9","6","2025-09-24","16:58:18","14","103","CTD","59.582232","-151.385670"
"S2025-09","2025","9","9_7","9","7","2025-09-24","17:05:56","15","103","CTD","59.585740","-151.390121"
"S2025-09","2025","9","9_8","9","8","2025-09-24","17:14:12","16","97","CTD","59.588813","-151.394698"
"S2025-09","2025","9","9_9","9","9","2025-09-24","17:22:02","17","84","CTD","59.592111","-151.399528"
"S2025-09","2025","9","9_10","9","10","2025-09-24","17:29:42","18","64","CTD","59.595446","-151.404350"
"S2025-09","2025","9","6_3","6","3","2025-09-25","10:03:00","19","86","CTD","59.198207","-151.974418"
"S2025-09","2025","9","6_3","6","3","2025-09-25","10:12:00","","0","Phytoplankton","59.198207","-151.974418"
"S2025-09","2025","9","6_3","6","3","2025-09-25","10:13:00","","20","Chlorophyll","59.198207","-151.974418"
"S2025-09","2025","9","7_22","7","22","2025-09-25","10:42:34","20","74","CTD","59.308912","-152.065886"
"S2025-09","2025","9","AlongBay_PGRM","AlongBay","PGRM","2025-09-25","11:08:36","21","67","CTD","59.391668","-152.043403"
"S2025-09","2025","9","AlongBay_POGI","AlongBay","POGI","2025-09-25","11:30:03","22","101","CTD","59.450384","-152.000540"
"S2025-09","2025","9","AlongBay_1","AlongBay","1","2025-09-25","11:51:05","23","70","CTD","59.500511","-151.888664"
"S2025-09","2025","9","AlongBay_2","AlongBay","2","2025-09-25","12:15:31","24","117","CTD","59.518434","-151.727383"
"S2025-09","2025","9","AlongBay_3","AlongBay","3","2025-09-25","12:30:00","25","106","CTD","59.526033","-151.650034"
"S2025-09","2025","9","AlongBay_3","AlongBay","3","2025-09-25","12:35:51","","0","Phytoplankton","59.526033","-151.650034"
"S2025-09","2025","9","AlongBay_3","AlongBay","3","2025-09-25","12:35:00","","20","Chlorophyll","59.526033","-151.650034"
"S2025-09","2025","9","AlongBay_4","AlongBay","4","2025-09-25","12:57:00","26","156","CTD","59.552855","-151.533369"
"S2025-09","2025","9","4_10","4","10","2025-09-25","13:22:03","27","15","badcast","59.633791","-151.650281"
"S2025-09","2025","9","4_10","4","10","2025-09-25","13:23:22","28","17","CTD","59.633791","-151.650281"
"S2025-09","2025","9","4_9","4","9","2025-09-25","13:29:17","29","27","CTD","59.625273","-151.650456"
"S2025-09","2025","9","4_8","4","8","2025-09-25","13:35:24","30","29","CTD","59.608615","-151.650262"
"S2025-09","2025","9","4_7","4","7","2025-09-25","13:44:00","31","36","CTD","59.592430","-151.650453"
"S2025-09","2025","9","4_6","4","6","2025-09-25","13:49:34","32","62","CTD","59.575437","-151.650220"
"S2025-09","2025","9","4_5","4","5","2025-09-25","13:58:19","33","79","CTD","59.558828","-151.650053"
"S2025-09","2025","9","4_4","4","4","2025-09-25","14:05:57","34","88","CTD","59.541950","-151.649728"
"S2025-09","2025","9","4_3","4","3","2025-09-25","14:15:04","35","109","CTD","59.524947","-151.649796"
"S2025-09","2025","9","4_2","4","2","2025-09-25","14:24:44","36","102","CTD","59.508530","-151.649650"
"S2025-09","2025","9","4_1","4","1","2025-09-25","14:33:33","37","19","CTD","59.491614","-151.649118"
"S2025-09","2025","9","AlongBay_6","AlongBay","6","2025-09-25","15:51:10","38","103","CTD","59.582384","-151.386209"
"S2025-09","2025","9","AlongBay_6","AlongBay","6","2025-09-25","15:54:00","","20","Chlorophyll","59.582384","-151.386209"
"S2025-09","2025","9","9_6","9","6","2025-09-24","","","0","Phytoplankton","59.582232","-151.385670"
"S2025-11","2025","11","9_10","9","10","2025-11-18","10:08:15","39","64","CTD","59.596251","-151.403385"
"S2025-11","2025","11",,,,,"","","","",,
"S2025-11","2025","11","9_9","9","9","2025-11-18","10:15:54","40","83","CTD","59.592631","-151.399103"
"S2025-11","2025","11",,,,,"","","","",,
"S2025-11","2025","11","9_8","9","8","2025-11-18","10:22:45","41","94","CTD","59.589397","-151.394396"
"S2025-11","2025","11",,,,,"","","","",,
"S2025-11","2025","11","9_7","9","7","2025-11-18","10:31:30","42","101","CTD","59.585985","-151.389255"
"S2025-11","2025","11",,,,,"","","","",,
"S2025-11","2025","11","9_6","9","6","2025-11-18","10:38:02","43","102","CTD","59.582524","-151.384939"
"S2025-11","2025","11",,,,,"","","","",,
"S2025-11","2025","11","9_5","9","5","2025-11-18","10:45:56","44","98","CTD","59.579455","-151.379071"
"S2025-11","2025","11",,,,,"","","","",,
"S2025-11","2025","11","9_4","9","4","2025-11-18","10:53:48","45","97","CTD","59.576725","-151.372959"
"S2025-11","2025","11",,,,,"","","","",,
"S2025-11","2025","11","9_3","9","3","2025-11-18","11:00:03","46","95","CTD","59.574661","-151.368903"
"S2025-11","2025","11",,,,,"","","","",,
"S2025-11","2025","11","9_2","9","2","2025-11-18","11:09:10","47","78","CTD","59.571893","-151.361924"
"S2025-11","2025","11",,,,,"","","","",,
"S2025-11","2025","11","9_1","9","1","2025-11-18","11:13:46","48","58","CTD","59.570327","-151.357221"
"S2025-11","2025","11",,,,,"","","","",,
"S2025-11","2025","11","AlongBay_13","AlongBay","13","2025-11-18","12:01:54","49","29","CTD","59.742122","-151.057025"
"S2025-11","2025","11",,,,,"","","","",,
"S2025-11","2025","11","AlongBay_12","AlongBay","12","2025-11-18","12:15:19","50","80","CTD","59.712123","-151.115172"
"S2025-11","2025","11",,,,,"","","","",,
"S2025-11","2025","11","AlongBay_11","AlongBay","11","2025-11-18","12:27:11","51","58","CTD","59.686863","-151.165207"
"S2025-11","2025","11",,,,,"","","","",,
"S2025-11","2025","11","AlongBay_10","AlongBay","10","2025-11-18","12:39:46","52","67","CTD","59.658475","-151.208346"
"S2025-11","2025","11",,,,,"","","","",,
"S2025-11","2025","11","AlongBay_10","AlongBay","10","2025-11-18","","","0","Chlorophyll","59.658475","-151.208346"
"S2025-11","2025","11",,,,,"","","","",,
"S2025-11","2025","11","AlongBay_10","AlongBay","10","2025-11-18","","","20","Chlorophyll","59.658475","-151.208346"
"S2025-11","2025","11",,,,,"","","","",,
"S2025-11","2025","11","AlongBay_9","AlongBay","9","2025-11-18","12:56:01","53","70","CTD","59.631939","-151.250094"
"S2025-11","2025","11",,,,,"","","","",,
"S2025-11","2025","11","AlongBay_8","AlongBay","8","2025-11-18","13:06:42","54","84","CTD","59.613218","-151.294644"
"S2025-11","2025","11",,,,,"","","","",,
"S2025-11","2025","11","AlongBay_7","AlongBay","7","2025-11-18","13:20:00","55","148","CTD","59.592063","-151.349337"
"S2025-11","2025","11",,,,,"","","","",,
"S2025-11","2025","11","AlongBay_6","AlongBay","6","2025-11-18","13:33:11","56","103","CTD","59.582558","-151.384454"
"S2025-11","2025","11",,,,,"","","","",,
"S2025-11","2025","11","AlongBay_6","AlongBay","6","2025-11-18","","","0","Chlorophyll","59.582558","-151.384454"
"S2025-11","2025","11",,,,,"","","","",,
"S2025-11","2025","11","AlongBay_6","AlongBay","6","2025-11-18","","","20","Chlorophyll","59.582558","-151.384454"
"S2025-11","2025","11",,,,,"","","","",,
"S2025-11","2025","11","AlongBay_5","AlongBay","5","2025-11-18","13:50:02","57","173","CTD","59.562999","-151.459687"
"S2025-11","2025","11",,,,,"","","","",,
"S2025-11","2025","11","AlongBay_4","AlongBay","4","2025-11-18","14:07:28","58","157","CTD","59.551979","-151.529929"
"S2025-11","2025","11",,,,,"","","","",,
"S2025-11","2025","11","AlongBay_3","AlongBay","3","2025-11-18","14:28:39","59","110","CTD","59.524894","-151.649989"
"S2025-11","2025","11",,,,,"","","","",,
"S2025-11","2025","11","AlongBay_3","AlongBay","3","2025-11-18","","","0","Chlorophyll","59.524894","-151.649989"
"S2025-11","2025","11",,,,,"","","","",,
"S2025-11","2025","11","AlongBay_3","AlongBay","3","2025-11-18","","","20","Chlorophyll","59.524894","-151.649989"
"S2025-11","2025","11",,,,,"","","","",,
"S2025-11","2025","11","AlongBay_2","AlongBay","2","2025-11-18","14:45:34","60","123","CTD","59.517902","-151.727668"
"S2025-11","2025","11",,,,,"","","","",,
"S2025-11","2025","11","AlongBay_1","AlongBay","1","2025-11-18","15:08:39","61","73","CTD","59.499927","-151.888072"
"S2025-11","2025","11",,,,,"","","","",,
"S2025-12","2025","12","AlongBay_13","AlongBay","13","2025-12-22","11:04:39","1","25","CTD","59.741871","-151.057323"
"S2025-12","2025","12","AlongBay_12","AlongBay","12","2025-12-22","11:15:07","2","78","CTD","59.712033","-151.115969"
"S2025-12","2025","12","AlongBay_11","AlongBay","11","2025-12-22","11:27:52","3","55","CTD","59.686951","-151.164704"
"S2025-12","2025","12","AlongBay_10","AlongBay","10","2025-12-22","11:39:39","4","64","CTD","59.658447","-151.208079"
"S2025-12","2025","12","AlongBay_10","AlongBay","10","2025-12-22","11:40:00","","0","Phytoplankton","59.658447","-151.208079"
"S2025-12","2025","12","AlongBay_10","AlongBay","10","2025-12-22","11:45:00","","0","Chlorophyll","59.658447","-151.208079"
"S2025-12","2025","12","AlongBay_9","AlongBay","9","2025-12-22","11:53:28","5","67","CTD","59.632298","-151.249465"
"S2025-12","2025","12","AlongBay_8","AlongBay","8","2025-12-22","12:04:04","6","81","CTD","59.613077","-151.294985"
"S2025-12","2025","12","AlongBay_7","AlongBay","7","2025-12-22","12:16:09","7","146","CTD","59.592049","-151.349857"
"S2025-12","2025","12","AlongBay_6","AlongBay","6","2025-12-22","12:28:28","8","102","CTD","59.582499","-151.384790"
"S2025-12","2025","12","AlongBay_6","AlongBay","6","2025-12-22","12:30:00","","0","CTD","59.582499","-151.384790"
"S2025-12","2025","12","AlongBay_5","AlongBay","5","2025-12-22","12:44:07","9","173","CTD","59.563088","-151.459936"
"S2025-12","2025","12","AlongBay_4","AlongBay","4","2025-12-22","13:01:08","10","157","CTD","59.551957","-151.529545"
"S2025-12","2025","12","AlongBay_3","AlongBay","3","2025-12-22","13:23:16","11","111","CTD","59.524950","-151.649809"
"S2025-12","2025","12","AlongBay_3","AlongBay","3","2025-12-22","13:30:36","","0","Phytoplankton","59.524950","-151.649809"
"S2025-12","2025","12","AlongBay_3","AlongBay","3","2025-12-22","13:30:53","","0","Chlorophyll","59.524950","-151.649809"
"S2025-12","2025","12","AlongBay_2","AlongBay","2","2025-12-22","13:39:48","12","124","CTD","59.517911","-151.727734"
"S2025-12","2025","12","AlongBay_1","AlongBay","1","2025-12-22","14:03:49","13","75","CTD","59.500018","-151.887459"
"S2026-01","2026","1","AlongBay_1","AlongBay","1","2026-01-20","10:39:43","14","71","CTD","59.500117","-151.887211"
"S2026-01","2026","1",,,,,"","","","",,
"S2026-01","2026","1","AlongBay_2","AlongBay","2","2026-01-20","10:55:25","15","121","CTD","59.518083","-151.728339"
"S2026-01","2026","1",,,,,"","","","",,
"S2026-01","2026","1","AlongBay_3","AlongBay","3","2026-01-20","11:10:15","16","108","CTD","59.525178","-151.650139"
"S2026-01","2026","1",,,,,"","","","",,
"S2026-01","2026","1","AlongBay_3","AlongBay","3","2026-01-20","","","20","Chlorophyll","59.525178","-151.650139"
"S2026-01","2026","1",,,,,"","","","",,
"S2026-01","2026","1","AlongBay_4","AlongBay","4","2026-01-20","11:30:18","17","157","CTD","59.552246","-151.529426"
"S2026-01","2026","1",,,,,"","","","",,
"S2026-01","2026","1","AlongBay_5","AlongBay","5","2026-01-20","11:46:10","18","172","CTD","59.563027","-151.460616"
"S2026-01","2026","1",,,,,"","","","",,
"S2026-01","2026","1","AlongBay_6","AlongBay","6","2026-01-20","12:02:08","19","100","CTD","59.582641","-151.384673"
"S2026-01","2026","1",,,,,"","","","",,
"S2026-01","2026","1","AlongBay_6","AlongBay","6","2026-01-20","","","20","Chlorophyll","59.582641","-151.384673"
"S2026-01","2026","1",,,,,"","","","",,
"S2026-01","2026","1","AlongBay_7","AlongBay","7","2026-01-20","12:14:23","20","148","CTD","59.591813","-151.350221"
"S2026-01","2026","1",,,,,"","","","",,
"S2026-01","2026","1","AlongBay_8","AlongBay","8","2026-01-20","12:28:54","21","82","CTD","59.613096","-151.294498"
"S2026-01","2026","1",,,,,"","","","",,
"S2026-01","2026","1","AlongBay_9","AlongBay","9","2026-01-20","12:39:36","22","70","CTD","59.632057","-151.249935"
"S2026-01","2026","1",,,,,"","","","",,
"S2026-01","2026","1","AlongBay_10","AlongBay","10","2026-01-20","12:51:41","23","65","CTD","59.658302","-151.207863"
"S2026-01","2026","1",,,,,"","","","",,
"S2026-01","2026","1","AlongBay_10","AlongBay","10","2026-01-20","","","20","Phytoplankton","59.658302","-151.207863"
"S2026-01","2026","1",,,,,"","","","",,
"S2026-01","2026","1","AlongBay_11","AlongBay","11","2026-01-20","13:03:54","24","57","CTD","59.687053","-151.164882"
"S2026-01","2026","1",,,,,"","","","",,
"S2026-01","2026","1","AlongBay_12","AlongBay","12","2026-01-20","13:14:18","25","80","CTD","59.712324","-151.115847"
"S2026-01","2026","1",,,,,"","","","",,
"S2026-01","2026","1","AlongBay_13","AlongBay","13","2026-01-20","13:27:43","26","28","CTD","59.741989","-151.057053"
"S2026-01","2026","1",,,,,"","","","",,
"S2026-01","2026","1","9_1","9","1","2026-01-20","14:11:52","27","57","CTD","59.570346","-151.356761"
"S2026-01","2026","1",,,,,"","","","",,
"S2026-01","2026","1","9_2","9","2","2026-01-20","14:17:02","28","78","CTD","59.571537","-151.362682"
"S2026-01","2026","1",,,,,"","","","",,
"S2026-01","2026","1","9_3","9","3","2026-01-20","14:23:55","29","97","CTD","59.574499","-151.369218"
"S2026-01","2026","1",,,,,"","","","",,
"S2026-01","2026","1","9_4","9","4","2026-01-20","14:31:21","30","98","CTD","59.576648","-151.373662"
"S2026-01","2026","1",,,,,"","","","",,
"S2026-01","2026","1","9_5","9","5","2026-01-20","14:37:28","31","101","CTD","59.579335","-151.379522"
"S2026-01","2026","1",,,,,"","","","",,
"S2026-01","2026","1","9_6","9","6","2026-01-20","14:44:59","32","104","CTD","59.582509","-151.385508"
"S2026-01","2026","1",,,,,"","","","",,
"S2026-01","2026","1","9_7","9","7","2026-01-20","14:51:24","","104","CTD","59.586008","-151.389570"
"S2026-01","2026","1",,,,,"","","","",,
"S2026-01","2026","1","9_8","9","8","2026-01-20","14:57:57","33","97","CTD","59.589265","-151.394038"
"S2026-01","2026","1",,,,,"","","","",,
"S2026-01","2026","1","9_9","9","9","2026-01-20","15:04:59","34","85","CTD","59.592552","-151.399335"
"S2026-01","2026","1",,,,,"","","","",,
"S2026-01","2026","1","9_10","9","10","2026-01-20","15:11:45","35","65","CTD","59.596190","-151.403883"
"S2026-01","2026","1",,,,,"","","","",,
"S2026-02","2026","2","6_3","6","3","2026-02-12","11:09:44","1","","CTD","59.197126","-151.980379"
"S2026-02","2026","2","6_3","6","3","2026-02-12","11:27:25","","0","Phytoplankton","59.197126","-151.980379"
"S2026-02","2026","2","6_3","6","3","2026-02-12","11:27:39","","20","Chlorophyll","59.197126","-151.980379"
"S2026-02","2026","2","7_22","7","22","2026-02-12","11:54:17","2","77","CTD","59.309549","-152.064402"
"S2026-02","2026","2","AlongBay_PGRM","AlongBay","PGRM","2026-02-12","12:17:23","3","69","CTD","59.390944","-152.043533"
"S2026-02","2026","2","AlongBay_POGI","AlongBay","POGI","2026-02-12","12:35:51","4","105","CTD","59.449735","-152.000230"
"S2026-02","2026","2","AlongBay_1","AlongBay","1","2026-02-12","12:57:23","5","73","CTD","59.500066","-151.888233"
"S2026-02","2026","2","AlongBay_2","AlongBay","2","2026-02-12","13:16:53","6","","CTD","59.517928","-151.727978"
"S2026-02","2026","2","AlongBay_3","AlongBay","3","2026-02-12","13:30:00","7","112","CTD","",""
"S2026-02","2026","2","AlongBay_4","AlongBay","4","2026-02-12","13:56:04","8","156","CTD","59.552262","-151.530213"
"S2026-02","2026","2","AlongBay_5","AlongBay","5","2026-02-12","14:08:51","9","171","CTD","59.562819","-151.460816"
"S2026-02","2026","2","AlongBay_6","AlongBay","6","2026-02-12","14:27:39","10","101","CTD","59.582375","-151.384678"
"S2026-02","2026","2","AlongBay_6","AlongBay","6","2026-02-12","14:35:00","","0","Phytoplankton","59.582375","-151.384678"
"S2026-02","2026","2","AlongBay_6","AlongBay","6","2026-02-12","","","20","Chlorophyll","59.582375","-151.384678"
"S2026-02","2026","2","AlongBay_7","AlongBay","7","2026-02-12","14:41:02","11","146","CTD","59.592011","-151.350071"
"S2026-02","2026","2","AlongBay_8","AlongBay","8","2026-02-12","14:56:02","12","81","CTD","59.613070","-151.294650"
"S2026-02","2026","2","AlongBay_9","AlongBay","9","2026-02-12","15:06:48","13","68","CTD","59.631955","-151.250156"
"S2026-02","2026","2","AlongBay_10","AlongBay","10","2026-02-12","15:18:03","14","63","CTD","59.657871","-151.208900"
"S2026-02","2026","2","AlongBay_10","AlongBay","10","2026-02-12","","","0","Phytoplankton","59.657871","-151.208900"
"S2026-02","2026","2","AlongBay_10","AlongBay","10","2026-02-12","","","20","Chlorophyll","59.657871","-151.208900"
"S2026-02","2026","2","AlongBay_11","AlongBay","11","2026-02-12","15:35:09","15","55","CTD","59.687084","-151.165396"
"S2026-02","2026","2","AlongBay_12","AlongBay","12","2026-02-12","15:44:21","16","77","CTD","59.712152","-151.116007"
"S2026-02","2026","2","AlongBay_13","AlongBay","13","2026-02-12","15:57:47","17","26","CTD","59.741966","-151.056843"
"S2026-02","2026","2","AlongBay_3","AlongBay","3","2026-02-12","","","0","Phytoplankton","",""
"S2026-02","2026","2","AlongBay_3","AlongBay","3","2026-02-12","","","20","Chlorophyll","",""
"S2026-02","2026","2","9_10","9","10","2026-02-17","11:23:42","18","63","CTD","59.595571","-151.404123"
"S2026-02","2026","2","9_9","9","9","2026-02-17","11:27:50","19","84","CTD","59.592518","-151.398986"
"S2026-02","2026","2","9_8","9","8","2026-02-17","11:35:31","20","96","CTD","59.588982","-151.394501"
"S2026-02","2026","2","9_7","9","7","2026-02-17","11:42:23","21","102","CTD","59.585817","-151.390119"
"S2026-02","2026","2","9_6","9","6","2026-02-17","11:49:53","22","102","CTD","59.582313","-151.385015"
"S2026-02","2026","2","9_5","9","5","2026-02-17","11:58:26","23","99","CTD","59.579463","-151.379423"
"S2026-02","2026","2","9_4","9","4","2026-02-17","12:04:32","24","97","CTD","59.576535","-151.373409"
"S2026-02","2026","2","9_3","9","3","2026-02-17","12:11:10","25","96","CTD","59.574506","-151.368841"
"S2026-02","2026","2","9_2","9","2","2026-02-17","12:17:58","26","78","CTD","59.571823","-151.362192"
"S2026-02","2026","2","9_1","9","1","2026-02-17","12:23:58","27","58","CTD","59.570115","-151.357474"
"S2026-02","2026","2","4_1","4","1","2026-02-17","12:57:27","28","21","CTD","59.491525","-151.649882"
"S2026-02","2026","2","4_2","4","2","2026-02-17","13:06:46","29","104","CTD","59.508425","-151.649926"
"S2026-02","2026","2","4_3","4","3","2026-02-17","13:17:14","30","112","CTD","59.525112","-151.650062"
"S2026-02","2026","2","4_4","4","4","2026-02-17","13:27:39","31","92","CTD","59.541761","-151.650057"
"S2026-02","2026","2","4_5","4","5","2026-02-17","13:36:32","32","83","CTD","59.558359","-151.650180"
"S2026-02","2026","2","4_6","4","6","2026-02-17","13:45:04","33","66","CTD","59.575155","-151.650067"
"S2026-02","2026","2","4_7","4","7","2026-02-17","13:53:17","34","39","CTD","59.591764","-151.650091"
"S2026-02","2026","2","4_8","4","8","2026-02-17","13:59:46","35","32","CTD","59.608638","-151.650226"
"S2026-02","2026","2","4_9","4","9","2026-02-17","14:06:28","36","30","CTD","59.625277","-151.650755"
"S2026-02","2026","2","4_10","4","10","2026-02-17","14:11:10","37","21","CTD","59.633401","-151.649731"
"S2026-03","2026","3","AlongBay_2","AlongBay","2","2026-03-18","11:07:21","38","123","CTD","59.517214","-151.725896"
"S2026-03","2026","3",,,,,"","","","",,
"S2026-03","2026","3","AlongBay_3","AlongBay","3","2026-03-18","11:19:50","39","111","CTD","59.525011","-151.649519"
"S2026-03","2026","3",,,,,"","","","",,
"S2026-03","2026","3","AlongBay_3","AlongBay","3","2026-03-18","11:31:21","","20","Chlorophyll","59.525011","-151.649519"
"S2026-03","2026","3",,,,,"","","","",,
"S2026-03","2026","3","AlongBay_4","AlongBay","4","2026-03-18","11:43:43","40","157","CTD","59.552092","-151.530583"
"S2026-03","2026","3",,,,,"","","","",,
"S2026-03","2026","3","AlongBay_5","AlongBay","5","2026-03-18","12:01:42","41","172","CTD","59.563427","-151.459436"
"S2026-03","2026","3",,,,,"","","","",,
"S2026-03","2026","3","AlongBay_6","AlongBay","6","2026-03-18","12:16:44","42","102","CTD","59.582530","-151.385051"
"S2026-03","2026","3",,,,,"","","","",,
"S2026-03","2026","3","AlongBay_6","AlongBay","6","2026-03-18","12:27:02","","20","Chlorophyll","59.582530","-151.385051"
"S2026-03","2026","3",,,,,"","","","",,
"S2026-03","2026","3","AlongBay_7","AlongBay","7","2026-03-18","12:31:58","43","148","CTD","59.592325","-151.349646"
"S2026-03","2026","3",,,,,"","","","",,
"S2026-03","2026","3","AlongBay_8","AlongBay","8","2026-03-18","12:47:22","44","83","CTD","59.613310","-151.294232"
"S2026-03","2026","3",,,,,"","","","",,
"S2026-03","2026","3","AlongBay_9","AlongBay","9","2026-03-18","12:58:29","45","69","CTD","59.631877","-151.250057"
"S2026-03","2026","3",,,,,"","","","",,
"S2026-03","2026","3","AlongBay_10","AlongBay","10","2026-03-18","13:08:42","46","64","CTD","59.658237","-151.208782"
"S2026-03","2026","3",,,,,"","","","",,
"S2026-03","2026","3","AlongBay_11","AlongBay","11","2026-03-18","13:24:23","47","58","CTD","59.687117","-151.165094"
"S2026-03","2026","3",,,,,"","","","",,
"S2026-03","2026","3","AlongBay_12","AlongBay","12","2026-03-18","13:34:01","48","81","CTD","59.712323","-151.115882"
"S2026-03","2026","3",,,,,"","","","",,
"S2026-03","2026","3","AlongBay_13","AlongBay","13","2026-03-18","13:46:37","49","30","CTD","59.742018","-151.056835"
"S2026-03","2026","3",,,,,"","","","",,
"S2026-03","2026","3","9_1","9","1","2026-03-18","14:24:56","50","62","CTD","59.570196","-151.356967"
"S2026-03","2026","3",,,,,"","","","",,
"S2026-03","2026","3","9_2","9","2","2026-03-18","14:31:07","51","80","CTD","59.571813","-151.362256"
"S2026-03","2026","3",,,,,"","","","",,
"S2026-03","2026","3","9_3","9","3","2026-03-18","14:36:00","52","98","CTD","59.575759","-151.371382"
"S2026-03","2026","3",,,,,"","","","",,
"S2026-03","2026","3","9_4","9","4","2026-03-18","14:43:16","53","99","CTD","59.576625","-151.373646"
"S2026-03","2026","3",,,,,"","","","",,
"S2026-03","2026","3","9_5","9","5","2026-03-18","14:49:56","54","100","CTD","59.579442","-151.379645"
"S2026-03","2026","3",,,,,"","","","",,
"S2026-03","2026","3","9_6","9","6","2026-03-18","14:56:58","55","101","CTD","59.582342","-151.385011"
"S2026-03","2026","3",,,,,"","","","",,
"S2026-03","2026","3","9_7","9","7","2026-03-18","15:04:41","56","105","CTD","59.585860","-151.389804"
"S2026-03","2026","3",,,,,"","","","",,
"S2026-03","2026","3","9_8","9","8","2026-03-18","15:11:55","57","98","CTD","59.589241","-151.394519"
"S2026-03","2026","3",,,,,"","","","",,
"S2026-03","2026","3","9_9","9","9","2026-03-18","15:19:32","58","","CTD","59.589246","-151.394459"
"S2026-03","2026","3",,,,,"","","","",,
"S2026-03","2026","3","9_10","9","10","2026-03-18","15:28:07","59","69","CTD","59.589246","-151.394459"
"S2026-03","2026","3",,,,,"","","","",,
"S2026-04","2026","4","AlongBay_13","AlongBay","13","2026-04-08","11:23:32","60","25","CTD","59.741900","-151.057157"
"S2026-04","2026","4",,,,,"","","","",,
"S2026-04","2026","4","AlongBay_12","AlongBay","12","2026-04-08","11:36:33","61","77","CTD","59.712313","-151.115259"
"S2026-04","2026","4",,,,,"","","","",,
"S2026-04","2026","4","AlongBay_11","AlongBay","11","2026-04-08","11:49:00","62","54","CTD","59.687095","-151.164913"
"S2026-04","2026","4",,,,,"","","","",,
"S2026-04","2026","4","AlongBay_10","AlongBay","10","2026-04-08","12:00:20","63","63","CTD","59.658253","-151.208221"
"S2026-04","2026","4",,,,,"","","","",,
"S2026-04","2026","4","AlongBay_10","AlongBay","10","2026-04-08","12:10:00","","20","Chlorophyll","59.658253","-151.208221"
"S2026-04","2026","4",,,,,"","","","",,
"S2026-04","2026","4","AlongBay_9","AlongBay","9","2026-04-08","12:17:28","64","66","CTD","59.631675","-151.250395"
"S2026-04","2026","4",,,,,"","","","",,
"S2026-04","2026","4","AlongBay_8","AlongBay","8","2026-04-08","12:27:32","65","80","CTD","59.612784","-151.294782"
"S2026-04","2026","4",,,,,"","","","",,
"S2026-04","2026","4","AlongBay_7","AlongBay","7","2026-04-08","12:37:43","66","146","CTD","59.592020","-151.350017"
"S2026-04","2026","4",,,,,"","","","",,
"S2026-04","2026","4","AlongBay_6","AlongBay","6","2026-04-08","12:49:28","67","100","CTD","59.582364","-151.385198"
"S2026-04","2026","4",,,,,"","","","",,
"S2026-04","2026","4","AlongBay_6","AlongBay","6","2026-04-08","12:58:58","","20","Chlorophyll","59.582364","-151.385198"
"S2026-04","2026","4",,,,,"","","","",,
"S2026-04","2026","4","AlongBay_5","AlongBay","5","2026-04-08","13:06:54","68","172","CTD","59.562900","-151.460158"
"S2026-04","2026","4",,,,,"","","","",,
"S2026-04","2026","4","AlongBay_4","AlongBay","4","2026-04-08","13:23:32","69","155","CTD","59.551793","-151.529664"
"S2026-04","2026","4",,,,,"","","","",,
"S2026-04","2026","4","AlongBay_3","AlongBay","3","2026-04-08","13:43:12","70","108","CTD","59.525171","-151.649488"
"S2026-04","2026","4",,,,,"","","","",,
"S2026-04","2026","4","AlongBay_3","AlongBay","3","2026-04-08","13:53:52","","20","Chlorophyll","59.525171","-151.649488"
"S2026-04","2026","4",,,,,"","","","",,
"S2026-04","2026","4","AlongBay_2","AlongBay","2","2026-04-08","14:03:45","71","121","CTD","59.518023","-151.727735"
"S2026-04","2026","4",,,,,"","","","",,
"S2026-04","2026","4","AlongBay_1","AlongBay","1","2026-04-08","14:26:39","72","71","CTD","59.500012","-151.887981"
"S2026-04","2026","4",,,,,"","","","",,
"S2026-04","2026","4","AlongBay_POGI","AlongBay","POGI","2026-04-08","14:46:59","73","102","CTD","59.450107","-151.999789"
"S2026-04","2026","4",,,,,"","","","",,
"S2026-04","2026","4","AlongBay_PGRM","AlongBay","PGRM","2026-04-08","15:05:01","74","68","CTD","59.391671","-152.043399"
"S2026-04","2026","4",,,,,"","","","",,
"S2026-04","2026","4","7_22","7","22","2026-04-08","15:27:24","75","75","CTD","59.310489","-152.065384"
"S2026-04","2026","4",,,,,"","","","",,
"S2026-04","2026","4","6_3","6","3","2026-04-08","15:59:19","76","107","CTD","59.196692","-151.979818"
"S2026-04","2026","4",,,,,"","","","",,
"S2026-04","2026","4","4_10","4","10","2026-04-09","13:58:20","77","17","CTD","59.633289","-151.650585"
"S2026-04","2026","4",,,,,"","","","",,
"S2026-04","2026","4","4_9","4","9","2026-04-09","14:01:54","78","25","CTD","59.625159","-151.649939"
"S2026-04","2026","4",,,,,"","","","",,
"S2026-04","2026","4","4_8","4","8","2026-04-09","14:10:05","79","27","CTD","59.608135","-151.649736"
"S2026-04","2026","4",,,,,"","","","",,
"S2026-04","2026","4","4_7","4","7","2026-04-09","14:16:06","80","35","CTD","59.591524","-151.649550"
"S2026-04","2026","4",,,,,"","","","",,
"S2026-04","2026","4","4_6","4","6","2026-04-09","14:21:36","81","62","CTD","59.574647","-151.649761"
"S2026-04","2026","4",,,,,"","","","",,
"S2026-04","2026","4","4_5","4","5","2026-04-09","14:29:47","82","78","CTD","59.558154","-151.649578"
"S2026-04","2026","4",,,,,"","","","",,
"S2026-04","2026","4","4_4","4","4","2026-04-09","14:36:41","83","88","CTD","59.541765","-151.649995"
"S2026-04","2026","4",,,,,"","","","",,
"S2026-04","2026","4","4_3","4","3","2026-04-09","14:45:40","84","108","CTD","59.525476","-151.650067"
"S2026-04","2026","4",,,,,"","","","",,
"S2026-04","2026","4","4_2","4","2","2026-04-09","14:56:28","85","101","CTD","59.508533","-151.649527"
"S2026-04","2026","4",,,,,"","","","",,
"S2026-04","2026","4","4_1","4","1","2026-04-09","15:05:33","86","17","CTD","59.491676","-151.649788"
"S2026-04","2026","4",,,,,"","","","",,
"S2026-04","2026","4","9_1","9","1","2026-04-09","15:34:56","87","54","CTD","59.570259","-151.356877"
"S2026-04","2026","4",,,,,"","","","",,
"S2026-04","2026","4","9_2","9","2","2026-04-09","15:39:04","88","75","CTD","59.571664","-151.362482"
"S2026-04","2026","4",,,,,"","","","",,
"S2026-04","2026","4","9_3","9","3","2026-04-09","15:44:56","89","93","CTD","59.574401","-151.368745"
"S2026-04","2026","4",,,,,"","","","",,
"S2026-04","2026","4","9_4","9","4","2026-04-09","15:51:44","90","95","CTD","59.576587","-151.373592"
"S2026-04","2026","4",,,,,"","","","",,
"S2026-04","2026","4","9_5","9","5","2026-04-09","15:59:14","91","96","CTD","59.579262","-151.379339"
"S2026-04","2026","4",,,,,"","","","",,
"S2026-04","2026","4","9_6","9","6","2026-04-09","16:05:51","92","100","CTD","59.582412","-151.385074"
"S2026-04","2026","4",,,,,"","","","",,
"S2026-04","2026","4","9_7","9","7","2026-04-09","16:12:14","93","101","CTD","59.585942","-151.389676"
"S2026-04","2026","4",,,,,"","","","",,
"S2026-04","2026","4","9_8","9","8","2026-04-09","16:18:55","94","94","CTD","59.589033","-151.394251"
"S2026-04","2026","4",,,,,"","","","",,
"S2026-04","2026","4","9_9","9","9","2026-04-09","16:25:17","95","80","CTD","59.592548","-151.399237"
"S2026-04","2026","4",,,,,"","","","",,
"S2026-04","2026","4","9_10","9","10","2026-04-09","16:30:54","96","61","CTD","59.595993","-151.403869"
"S2026-04","2026","4",,,,,"","","","",,
"S2026-05","2026","5","AlongBay_13","AlongBay","13","2026-05-22","10:50:28","97","24","CTD","59.742361","-151.057524"
"S2026-05","2026","5","AlongBay_12","AlongBay","12","2026-05-22","11:01:52","98","77","CTD","59.712067","-151.115857"
"S2026-05","2026","5","AlongBay_11","AlongBay","11","2026-05-22","11:14:38","99","55","CTD","59.686693","-151.165165"
"S2026-05","2026","5","AlongBay_10","AlongBay","10","2026-05-22","11:25:51","100","62","CTD","59.658158","-151.208772"
"S2026-05","2026","5","AlongBay_10","AlongBay","10","2026-05-22","11:30:00","","0","Phytoplankton","59.658158","-151.208772"
"S2026-05","2026","5","AlongBay_10","AlongBay","10","2026-05-22","11:33:00","","20","Chlorophyll","59.658158","-151.208772"
"S2026-05","2026","5","AlongBay_9","AlongBay","9","2026-05-22","11:46:08","101","66","CTD","59.631778","-151.249711"
"S2026-05","2026","5","AlongBay_8","AlongBay","8","2026-05-22","11:54:50","102","80","CTD","59.612859","-151.295201"
"S2026-05","2026","5","AlongBay_7","AlongBay","7","2026-05-22","12:06:39","103","145","CTD","59.591878","-151.349924"
"S2026-05","2026","5","AlongBay_6","AlongBay","6","2026-05-22","12:18:46","104","99","CTD","59.582442","-151.384962"
"S2026-05","2026","5","AlongBay_6","AlongBay","6","2026-05-22","12:26:00","","0","Phytoplankton","59.582442","-151.384962"
"S2026-05","2026","5","AlongBay_6","AlongBay","6","2026-05-22","12:22:00","","20","Chlorophyll","59.582442","-151.384962"
"S2026-05","2026","5","AlongBay_5","AlongBay","5","2026-05-22","12:36:58","105","171","CTD","59.563235","-151.459955"
"S2026-05","2026","5","AlongBay_4","AlongBay","4","2026-05-22","12:53:48","106","","CTD","59.551979","-151.530627"
"S2026-05","2026","5","AlongBay_3","AlongBay","3","2026-05-22","13:14:21","107","","CTD","59.524936","-151.650492"
"S2026-05","2026","5","AlongBay_3","AlongBay","3","2026-05-22","13:20:00","","0","Phytoplankton","59.524936","-151.650492"
"S2026-05","2026","5","AlongBay_3","AlongBay","3","2026-05-22","13:16:00","","20","Chlorophyll","59.524936","-151.650492"
"S2026-05","2026","5","AlongBay_2","AlongBay","2","2026-05-22","13:32:14","108","121","CTD","59.517681","-151.728097"
"S2026-05","2026","5","AlongBay_1","AlongBay","1","2026-05-22","13:57:24","109","70","CTD","59.499742","-151.887996"
"S2026-05","2026","5","9_1","9","1","2026-05-22","14:49:00","110","50","CTD","",""
"S2026-05","2026","5","9_2","9","2","2026-05-22","14:53:56","111","71","CTD","59.571497","-151.362071"
"S2026-05","2026","5","9_3","9","3","2026-05-22","15:00:05","112","90","CTD","59.574243","-151.368547"
"S2026-05","2026","5","9_4","9","4","2026-05-22","15:07:56","113","92","CTD","59.576316","-151.373339"
"S2026-05","2026","5","9_5","9","5","2026-05-22","15:15:45","114","94","CTD","59.579081","-151.379357"
"S2026-05","2026","5","9_6","9","6","2026-05-22","15:22:50","115","97","CTD","59.582268","-151.384718"
"S2026-05","2026","5","9_7","9","7","2026-05-22","15:30:49","116","99","CTD","59.585692","-151.389278"
"S2026-05","2026","5","9_8","9","8","2026-05-22","15:38:23","117","93","CTD","59.588937","-151.394348"
"S2026-05","2026","5","9_9","9","9","2026-05-22","15:45:46","118","80","CTD","59.592713","-151.399372"
"S2026-05","2026","5","9_10","9","10","2026-05-22","15:52:19","119","62","CTD","59.596139","-151.404086"
"S2026-06","2026","6","9_10","9","10","2026-06-22","12:44:49","1","61","CTD","59.595706","-151.404594"
"S2026-06","2026","6","9_9","9","9","2026-06-22","12:50:48","2","81","CTD","59.592512","-151.399234"
"S2026-06","2026","6","9_8","9","8","2026-06-22","12:57:42","3","93","CTD","59.589268","-151.394432"
"S2026-06","2026","6","9_7","9","7","2026-06-22","13:05:19","4","100","CTD","59.585875","-151.389547"
"S2026-06","2026","6","9_6","9","6","2026-06-22","13:14:00","5","100","CTD","59.582557","-151.385192"
"S2026-06","2026","6","9_5","9","5","2026-06-22","13:21:35","6","96","CTD","59.579365","-151.379485"
"S2026-06","2026","6","9_4","9","4","2026-06-22","13:28:24","7","94","CTD","59.576575","-151.373501"
"S2026-06","2026","6","9_3","9","3","2026-06-22","13:35:32","8","92","CTD","59.574442","-151.368724"
"S2026-06","2026","6","9_2","9","2","2026-06-22","13:42:41","9","75","CTD","59.571850","-151.362396"
"S2026-06","2026","6","9_1","9","1","2026-06-22","13:48:30","10","53","CTD","59.570306","-151.356925"
"S2026-06","2026","6","AlongBay_1","AlongBay","1","2026-06-22","14:41:00","11","70","CTD","59.499650","-151.889497"
"S2026-06","2026","6","AlongBay_2","AlongBay","2","2026-06-22","15:01:08","12","121","CTD","59.517821","-151.727738"
"S2026-06","2026","6","AlongBay_3","AlongBay","3","2026-06-22","15:16:00","13","107","CTD","59.525570","-151.648877"
"S2026-06","2026","6","AlongBay_3","AlongBay","3","2026-06-22","15:22:24","","0","Phytoplankton","59.525570","-151.648877"
"S2026-06","2026","6","AlongBay_4","AlongBay","4","2026-06-22","15:39:18","14","154","CTD","59.552140","-151.529825"
"S2026-06","2026","6","AlongBay_5","AlongBay","5","2026-06-22","15:53:04","15","170","CTD","59.562975","-151.460083"
"S2026-06","2026","6","AlongBay_6","AlongBay","6","2026-06-22","16:10:00","16","","CTD","59.582614","-151.381532"
"S2026-06","2026","6","AlongBay_7","AlongBay","7","2026-06-22","16:23:10","17","144","CTD","59.592038","-151.349740"
"S2026-06","2026","6","AlongBay_8","AlongBay","8","2026-06-22","16:36:46","18","80","CTD","59.612919","-151.294936"
"S2026-06","2026","6","AlongBay_9","AlongBay","9","2026-06-22","16:47:44","19","66","CTD","59.632059","-151.249863"
"S2026-06","2026","6","AlongBay_10","AlongBay","10","2026-06-22","16:58:49","20","63","CTD","59.658524","-151.208158"
"S2026-06","2026","6","AlongBay_10","AlongBay","10","2026-06-22","17:00:00","","0","Phytoplankton","59.658524","-151.208158"
"S2026-06","2026","6","AlongBay_10","AlongBay","10","2026-06-22","17:00:00","","20","Chlorophyll","59.658524","-151.208158"
"S2026-06","2026","6","AlongBay_11","AlongBay","11","2026-06-22","17:12:33","21","","CTD","59.687076","-151.165009"
"S2026-06","2026","6","AlongBay_12","AlongBay","12","2026-06-22","17:22:26","22","77","CTD","59.712235","-151.115488"
"S2026-06","2026","6","AlongBay_13","AlongBay","13","2026-06-22","17:34:09","23","25","CTD","59.742120","-151.057035"
"S2026-07","2026","7","9_10","9","10","2026-07-17","09:34:35","1","48","CTD","59.598434","-151.405960"
"S2026-07","2026","7",,,,,"","","","",,
"S2026-07","2026","7","9_2","9","2","2026-07-17","09:40:48","2","71","CTD","59.598434","-151.405960"
"S2026-07","2026","7",,,,,"","","","",,
"S2026-07","2026","7","9_3","9","3","2026-07-17","09:48:06","3","85","CTD","59.598434","-151.405960"
"S2026-07","2026","7",,,,,"","","","",,
"S2026-07","2026","7","9_4","9","4","2026-07-17","09:56:22","4","81","CTD","59.598434","-151.405960"
"S2026-07","2026","7",,,,,"","","","",,
"S2026-07","2026","7","9_5","9","5","2026-07-17","10:03:20","5","93","CTD","59.598434","-151.405960"
"S2026-07","2026","7",,,,,"","","","",,
"S2026-07","2026","7","9_6","9","6","2026-07-17","10:11:30","6","","CTD","59.598434","-151.405960"
"S2026-07","2026","7",,,,,"","","","",,
"S2026-07","2026","7","9_7","9","7","2026-07-17","10:21:22","7","97","CTD","59.585665","-151.389861"
"S2026-07","2026","7",,,,,"","","","",,
"S2026-07","2026","7","9_6","9","6","2026-07-17","10:17:00","","0","Phytoplankton","59.598434","-151.405960"
"S2026-07","2026","7",,,,,"","","","",,
"S2026-07","2026","7","9_8","9","8","2026-07-17","10:31:16","8","91","CTD","59.588877","-151.394197"
"S2026-07","2026","7",,,,,"","","","",,
"S2026-07","2026","7","9_9","9","9","2026-07-17","10:39:32","9","83","CTD","59.592075","-151.398895"
"S2026-07","2026","7",,,,,"","","","",,
"S2026-07","2026","7","9_10","9","10","2026-07-17","10:51:05","10","60","CTD","59.595533","-151.403945"
"S2026-07","2026","7",,,,,"","","","",,
"S2026-07","2026","7","AlongBay_5","AlongBay","5","2026-07-17","11:37:02","11","168","CTD","59.562844","-151.460130"
"S2026-07","2026","7",,,,,"","","","",,
"S2026-07","2026","7","AlongBay_6","AlongBay","6","2026-07-17","11:58:42","12","96","CTD","59.581513","-151.383357"
"S2026-07","2026","7",,,,,"","","","",,
"S2026-07","2026","7","AlongBay_6","AlongBay","6","2026-07-17","12:04:40","","20","Chlorophyll","59.581513","-151.383357"
"S2026-07","2026","7",,,,,"","","","",,
"S2026-07","2026","7","AlongBay_6","AlongBay","6","2026-07-17","12:05:03","","0","Phytoplankton","59.581513","-151.383357"
"S2026-07","2026","7",,,,,"","","","",,
"S2026-07","2026","7","AlongBay_7","AlongBay","7","2026-07-17","12:13:41","13","142","CTD","59.591801","-151.349659"
"S2026-07","2026","7",,,,,"","","","",,
"S2026-07","2026","7","AlongBay_8","AlongBay","8","2026-07-17","12:28:02","14","77","CTD","59.612421","-151.296235"
"S2026-07","2026","7",,,,,"","","","",,
"S2026-07","2026","7","AlongBay_9","AlongBay","9","2026-07-17","12:38:29","15","65","CTD","59.630973","-151.252342"
"S2026-07","2026","7",,,,,"","","","",,
"S2026-07","2026","7","AlongBay_10","AlongBay","10","2026-07-17","12:50:24","16","60","CTD","59.658224","-151.208457"
"S2026-07","2026","7",,,,,"","","","",,
"S2026-07","2026","7","AlongBay_10","AlongBay","10","2026-07-17","12:52:00","","20","Chlorophyll","59.658224","-151.208457"
"S2026-07","2026","7",,,,,"","","","",,
"S2026-07","2026","7","AlongBay_10","AlongBay","10","2026-07-17","12:55:00","","0","Phytoplankton","59.658224","-151.208457"
"S2026-07","2026","7",,,,,"","","","",,
"S2026-07","2026","7","AlongBay_11","AlongBay","11","2026-07-17","13:07:12","17","52","CTD","59.687169","-151.164806"
"S2026-07","2026","7",,,,,"","","","",,
"S2026-07","2026","7","AlongBay_12","AlongBay","12","2026-07-17","13:16:40","18","74","CTD","59.712452","-151.116121"
"S2026-07","2026","7",,,,,"","","","",,
"S2026-07","2026","7","AlongBay_13","AlongBay","13","2026-07-17","13:29:16","19","24","CTD","59.741917","-151.057514"
"S2026-07","2026","7",,,,,"","","","",,
"S2026-07","2026","7","6_3","6","3","2026-07-20","13:29:05","20","101","CTD","59.196985","-151.978664"
"S2026-07","2026","7","6_3","6","3","2026-07-20","13:33:00","","0","Phytoplankton","59.196985","-151.978664"
"S2026-07","2026","7","6_3","6","3","2026-07-20","13:34:00","","20","Chlorophyll","59.196985","-151.978664"
"S2026-07","2026","7","7_22","7","22","2026-07-20","14:06:51","22","74","CTD","59.309579","-152.064610"
"S2026-07","2026","7","7_22","7","22","2026-07-20","14:10:00","","0","Phytoplankton","59.309579","-152.064610"
"S2026-07","2026","7","AlongBay_PGRM","AlongBay","PGRM","2026-07-20","14:31:34","23","67","CTD","59.391157","-152.044141"
"S2026-07","2026","7","AlongBay_PGRM","AlongBay","PGRM","2026-07-20","14:35:00","","0","Phytoplankton","59.391157","-152.044141"
"S2026-07","2026","7","AlongBay_POGI","AlongBay","POGI","2026-07-20","14:54:01","24","104","CTD","59.450827","-151.999824"
"S2026-07","2026","7","AlongBay_POGI","AlongBay","POGI","2026-07-20","14:55:00","","0","Phytoplankton","59.450827","-151.999824"
"S2026-07","2026","7","AlongBay_1","AlongBay","1","2026-07-20","15:15:59","25","","CTD","59.500912","-151.887416"
"S2026-07","2026","7","AlongBay_2","AlongBay","2","2026-07-20","15:34:36","26","119","CTD","59.518239","-151.727420"
"S2026-07","2026","7","AlongBay_3","AlongBay","3","2026-07-20","15:49:00","27","","CTD","59.524763","-151.643465"
"S2026-07","2026","7","AlongBay_3","AlongBay","3","2026-07-20","15:59:00","","0","Phytoplankton","59.524763","-151.643465"
"S2026-07","2026","7","AlongBay_3","AlongBay","3","2026-07-20","","","20","Chlorophyll","59.524763","-151.643465"
"S2026-07","2026","7","AlongBay_4","AlongBay","4","2026-07-20","16:24:06","28","156","CTD","59.552429","-151.528783"
"S2026-07","2026","7","AlongBay_5","AlongBay","5","2026-07-20","16:39:09","29","171","CTD","59.563046","-151.459249"
"S2026-07","2026","7","AlongBay_6","AlongBay","6","2026-07-20","16:55:46","30","101","CTD","59.582263","-151.384709"
"S2026-07","2026","7","7_22","7","22","2026-07-22","10:48:07","31","76","CTD","59.310435","-152.065114"
"S2026-07","2026","7","AlongBay_PGRM","AlongBay","PGRM","2026-07-22","11:09:36","32","69","CTD","59.392110","-152.042802"
"S2026-07","2026","7","AlongBay_POGI","AlongBay","POGI","2026-07-22","11:28:31","33","103","CTD","59.449623","-152.000318"
"S2026-07","2026","7","AlongBay_1","AlongBay","1","2026-07-22","11:48:54","34","72","CTD","59.500118","-151.887395"
"S2026-07","2026","7","AlongBay_2","AlongBay","2","2026-07-22","12:10:25","35","122","CTD","59.517872","-151.727410"
"S2026-07","2026","7","AlongBay_3","AlongBay","3","2026-07-22","12:26:19","36","108","CTD","59.524942","-151.648633"
"S2026-07","2026","7","AlongBay_4","AlongBay","4","2026-07-22","12:44:51","37","155","CTD","59.552188","-151.529568"
"S2026-07","2026","7","AlongBay_5","AlongBay","5","2026-07-22","13:00:46","38","172","CTD","59.562659","-151.459795"
"S2026-07","2026","7","AlongBay_6","AlongBay","6","2026-07-22","13:19:14","39","100","CTD","59.582272","-151.385059"
"S2026-07","2026","7","AlongBay_7","AlongBay","7","2026-07-22","13:29:50","40","145","CTD","59.591930","-151.349501"
"S2026-07","2026","7","AlongBay_8","AlongBay","8","2026-07-22","13:45:26","41","80","CTD","59.613006","-151.295392"
"S2026-07","2026","7","AlongBay_9","AlongBay","9","2026-07-22","13:55:03","42","66","CTD","59.631842","-151.249945"
"S2026-07","2026","7","AlongBay_10","AlongBay","10","2026-07-22","14:06:35","43","64","CTD","59.658352","-151.208509"
"S2026-07","2026","7","AlongBay_11","AlongBay","11","2026-07-22","14:19:26","44","54","CTD","59.686992","-151.165128"
"S2026-07","2026","7","AlongBay_12","AlongBay","12","2026-07-22","14:31:01","45","76","CTD","59.712420","-151.115649"
"S2026-07","2026","7","AlongBay_12","AlongBay","12","2026-07-22","14:37:11","46","76","CTD","59.712420","-151.115649"
"S2026-07","2026","7","AlongBay_13","AlongBay","13","2026-07-22","14:47:52","47","26","CTD","59.742054","-151.056687"
"S2026-07","2026","7","6_3","6","3","2026-07-20","13:30:00","21","","CTD","59.196985","-151.978664"
"S2026-08","2026","8","AlongBay_1","AlongBay","1","2026-08-26","11:56:14","1","72","CTD","59.500266","-151.887863"
"S2026-08","2026","8","AlongBay_2","AlongBay","2","2026-08-26","12:17:11","2","121","CTD","59.518016","-151.727714"
"S2026-08","2026","8","AlongBay_3","AlongBay","3","2026-08-26","12:32:09","3","","CTD","59.524908","-151.650426"
"S2026-08","2026","8","AlongBay_3","AlongBay","3","2026-08-26","12:41:35","","20","Chlorophyll","59.524908","-151.650426"
"S2026-08","2026","8","AlongBay_4","AlongBay","4","2026-08-26","12:54:05","4","156","CTD","59.551905","-151.530460"
"S2026-08","2026","8","AlongBay_5","AlongBay","5","2026-08-26","13:09:50","5","172","CTD","59.562914","-151.460101"
"S2026-08","2026","8","AlongBay_6","AlongBay","6","2026-08-26","13:26:28","6","100","CTD","59.582108","-151.385667"
"S2026-08","2026","8","AlongBay_6","AlongBay","6","2026-08-26","13:34:40","","20","Chlorophyll","59.582108","-151.385667"
"S2026-08","2026","8","AlongBay_7","AlongBay","7","2026-08-26","13:40:27","7","147","CTD","59.591734","-151.349689"
"S2026-08","2026","8","AlongBay_8","AlongBay","8","2026-08-26","13:54:54","8","83","CTD","59.613036","-151.294710"
"S2026-08","2026","8","AlongBay_9","AlongBay","9","2026-08-26","14:05:48","9","69","CTD","59.632048","-151.249688"
"S2026-08","2026","8","AlongBay_10","AlongBay","10","2026-08-26","14:16:34","10","61","CTD","59.658246","-151.208589"
"S2026-08","2026","8","AlongBay_10","AlongBay","10","2026-08-26","14:20:43","","20","Chlorophyll","59.658246","-151.208589"
"S2026-08","2026","8","AlongBay_11","AlongBay","11","2026-08-26","14:31:28","11","57","CTD","59.687218","-151.164749"
"S2026-08","2026","8","AlongBay_12","AlongBay","12","2026-08-26","14:42:00","12","78","CTD","",""
"S2026-08","2026","8","AlongBay_13","AlongBay","13","2026-08-26","14:55:20","13","28","CTD","59.742032","-151.057315"
"S2026-08","2026","8","9_1","9","1","2026-08-26","15:46:19","14","56","CTD","59.570069","-151.357459"
"S2026-08","2026","8","9_2","9","2","2026-08-26","15:52:12","15","77","CTD","59.571834","-151.362610"
"S2026-08","2026","8","9_3","9","3","2026-08-26","15:58:42","16","94","CTD","59.574468","-151.369160"
"S2026-08","2026","8","9_4","9","4","2026-08-26","16:05:27","17","96","CTD","59.576585","-151.373508"
"S2026-08","2026","8","9_5","9","5","2026-08-26","16:12:42","18","97","CTD","59.579422","-151.379631"
"S2026-08","2026","8","9_6","9","6","2026-08-26","16:20:12","19","102","CTD","59.582458","-151.384990"
"S2026-08","2026","8","9_7","9","7","2026-08-26","16:28:15","20","101","CTD","59.585903","-151.389288"
"S2026-08","2026","8","9_8","9","8","2026-08-26","16:35:28","21","95","CTD","59.589183","-151.394434"
"S2026-08","2026","8","9_9","9","9","2026-08-26","16:41:48","22","83","CTD","59.592337","-151.399273"
"S2026-08","2026","8","9_10","9","10","2026-08-26","16:48:34","23","63","CTD","59.595895","-151.403992"
"S2026-09","2026","9","AlongBay_2","AlongBay","2","2026-09-24","10:30:27","1","121","CTD","59.517752","-151.727621"
"S2026-09","2026","9","AlongBay_3","AlongBay","3","2026-09-24","10:54:25","2","108","CTD","59.525423","-151.649089"
"S2026-09","2026","9","AlongBay_3","AlongBay","3","2026-09-24","","","0","Phytoplankton","59.525423","-151.649089"
"S2026-09","2026","9","AlongBay_3","AlongBay","3","2026-09-24","","","20","Chlorophyll","59.525423","-151.649089"
"S2026-09","2026","9","AlongBay_4","AlongBay","4","2026-09-24","11:28:55","3","155","CTD","59.552146","-151.529934"
"S2026-09","2026","9","AlongBay_5","AlongBay","5","2026-09-24","11:52:45","4","171","CTD","59.563269","-151.459621"
"S2026-09","2026","9","AlongBay_6","AlongBay","6","2026-09-24","12:19:27","5","102","CTD","59.582643","-151.385602"
"S2026-09","2026","9","AlongBay_7","AlongBay","7","2026-09-24","12:39:18","6","147","CTD","59.591989","-151.350083"
"S2026-09","2026","9","AlongBay_8","AlongBay","8","2026-09-24","13:01:51","7","82","CTD","59.613206","-151.294900"
"S2026-09","2026","9","AlongBay_9","AlongBay","9","2026-09-24","13:18:52","8","69","CTD","59.632222","-151.249838"
"S2026-09","2026","9","AlongBay_10","AlongBay","10","2026-09-24","13:37:33","9","66","CTD","59.658978","-151.207806"
"S2026-09","2026","9","AlongBay_11","AlongBay","11","2026-09-24","14:00:47","10","58","CTD","59.686885","-151.164732"
"S2026-09","2026","9","AlongBay_12","AlongBay","12","2026-09-24","14:18:55","11","80","CTD","59.712005","-151.115270"
"S2026-09","2026","9","AlongBay_13","AlongBay","13","2026-09-24","14:41:14","12","28","CTD","59.742199","-151.057023"
"S2026-09","2026","9","9_1","9","1","2026-09-24","16:16:29","13","63","CTD","59.569985","-151.357974"
"S2026-09","2026","9","9_2","9","2","2026-09-24","16:24:53","14","77","CTD","59.571708","-151.362615"
"S2026-09","2026","9","9_3","9","3","2026-09-24","16:31:10","15","94","CTD","59.574611","-151.368956"
"S2026-09","2026","9","9_4","9","4","2026-09-24","16:37:34","16","96","CTD","59.576696","-151.373707"
"S2026-09","2026","9","9_5","9","5","2026-09-24","16:44:27","17","97","CTD","59.579422","-151.379828"
"S2026-09","2026","9","9_6","9","6","2026-09-24","16:50:26","18","","CTD","59.583296","-151.386664"
"S2026-09","2026","9","9_7","9","7","2026-09-24","16:59:14","19","101","CTD","59.585710","-151.389662"
"S2026-09","2026","9","9_8","9","8","2026-09-24","17:06:55","20","94","CTD","59.589277","-151.394756"
"S2026-09","2026","9","9_9","9","9","2026-09-24","17:14:59","21","80","CTD","59.592440","-151.399482"
"S2026-09","2026","9","9_10","9","10","2026-09-24","17:22:21","22","62","CTD","59.595440","-151.404249"
